subj,session,trial,rt,object_response,category,condition,imagename
specialised,1,1,,oven,knife,0,0001_ps_dnn_0_knife_10_n03041632_8618.png
specialised,1,2,,bicycle,knife,0,0002_ps_dnn_0_knife_10_n03041632_51256.png
specialised,1,3,,chair,knife,0,0003_ps_dnn_0_knife_10_n03041632_27898.png
specialised,1,4,,bottle,knife,0,0004_ps_dnn_0_knife_10_n03041632_32177.png
specialised,1,5,,knife,knife,0,0005_ps_dnn_0_knife_10_n03041632_23548.png
specialised,1,6,,knife,knife,0,0006_ps_dnn_0_knife_10_n03041632_41381.png
specialised,1,7,,truck,knife,0,0007_ps_dnn_0_knife_10_n03041632_24264.png
specialised,1,8,,knife,knife,0,0008_ps_dnn_0_knife_10_n03041632_45090.png
specialised,1,9,,bottle,knife,0,0009_ps_dnn_0_knife_10_n03041632_87339.png
specialised,1,10,,oven,knife,0,0010_ps_dnn_0_knife_10_n03041632_96361.png
specialised,1,11,,keyboard,keyboard,0,0011_ps_dnn_0_keyboard_10_n03085013_21070.png
specialised,1,12,,keyboard,keyboard,0,0012_ps_dnn_0_keyboard_10_n04505470_5009.png
specialised,1,13,,keyboard,keyboard,0,0013_ps_dnn_0_keyboard_10_n03085013_3098.png
specialised,1,14,,keyboard,keyboard,0,0014_ps_dnn_0_keyboard_10_n03085013_20594.png
specialised,1,15,,keyboard,keyboard,0,0015_ps_dnn_0_keyboard_10_n04505470_3261.png
specialised,1,16,,keyboard,keyboard,0,0016_ps_dnn_0_keyboard_10_n04505470_8121.png
specialised,1,17,,keyboard,keyboard,0,0017_ps_dnn_0_keyboard_10_n04505470_64.png
specialised,1,18,,keyboard,keyboard,0,0018_ps_dnn_0_keyboard_10_n03085013_19687.png
specialised,1,19,,keyboard,keyboard,0,0019_ps_dnn_0_keyboard_10_n04505470_241.png
specialised,1,20,,chair,keyboard,0,0020_ps_dnn_0_keyboard_10_n03085013_23763.png
specialised,1,21,,elephant,elephant,0,0021_ps_dnn_0_elephant_10_n02504013_6171.png
specialised,1,22,,elephant,elephant,0,0022_ps_dnn_0_elephant_10_n02504013_5918.png
specialised,1,23,,elephant,elephant,0,0023_ps_dnn_0_elephant_10_n02504458_574.png
specialised,1,24,,elephant,elephant,0,0024_ps_dnn_0_elephant_10_n02504458_804.png
specialised,1,25,,elephant,elephant,0,0025_ps_dnn_0_elephant_10_n02504013_2787.png
specialised,1,26,,elephant,elephant,0,0026_ps_dnn_0_elephant_10_n02504458_8126.png
specialised,1,27,,elephant,elephant,0,0027_ps_dnn_0_elephant_10_n02504458_341.png
specialised,1,28,,elephant,elephant,0,0028_ps_dnn_0_elephant_10_n02504458_5288.png
specialised,1,29,,elephant,elephant,0,0029_ps_dnn_0_elephant_10_n02504013_6880.png
specialised,1,30,,elephant,elephant,0,0030_ps_dnn_0_elephant_10_n02504458_4228.png
specialised,1,31,,bicycle,bicycle,0,0031_ps_dnn_0_bicycle_10_n02835271_17168.png
specialised,1,32,,bicycle,bicycle,0,0032_ps_dnn_0_bicycle_10_n03792782_15614.png
specialised,1,33,,bicycle,bicycle,0,0033_ps_dnn_0_bicycle_10_n03792782_67333.png
specialised,1,34,,bicycle,bicycle,0,0034_ps_dnn_0_bicycle_10_n02835271_9507.png
specialised,1,35,,bicycle,bicycle,0,0035_ps_dnn_0_bicycle_10_n03792782_6250.png
specialised,1,36,,bicycle,bicycle,0,0036_ps_dnn_0_bicycle_10_n03792782_15189.png
specialised,1,37,,car,bicycle,0,0037_ps_dnn_0_bicycle_10_n02835271_6921.png
specialised,1,38,,bicycle,bicycle,0,0038_ps_dnn_0_bicycle_10_n02835271_12173.png
specialised,1,39,,bicycle,bicycle,0,0039_ps_dnn_0_bicycle_10_n03792782_17134.png
specialised,1,40,,bicycle,bicycle,0,0040_ps_dnn_0_bicycle_10_n02835271_2013.png
specialised,1,41,,airplane,airplane,0,0041_ps_dnn_0_airplane_10_n02690373_20071.png
specialised,1,42,,airplane,airplane,0,0042_ps_dnn_0_airplane_10_n02690373_8583.png
specialised,1,43,,airplane,airplane,0,0043_ps_dnn_0_airplane_10_n02690373_5689.png
specialised,1,44,,airplane,airplane,0,0044_ps_dnn_0_airplane_10_n02690373_1451.png
specialised,1,45,,airplane,airplane,0,0045_ps_dnn_0_airplane_10_n02690373_1975.png
specialised,1,46,,airplane,airplane,0,0046_ps_dnn_0_airplane_10_n02690373_2010.png
specialised,1,47,,airplane,airplane,0,0047_ps_dnn_0_airplane_10_n02690373_3451.png
specialised,1,48,,airplane,airplane,0,0048_ps_dnn_0_airplane_10_n02690373_10723.png
specialised,1,49,,airplane,airplane,0,0049_ps_dnn_0_airplane_10_n02690373_7408.png
specialised,1,50,,airplane,airplane,0,0050_ps_dnn_0_airplane_10_n02690373_5487.png
specialised,1,51,,clock,clock,0,0051_ps_dnn_0_clock_10_n04548280_7069.png
specialised,1,52,,bottle,clock,0,0052_ps_dnn_0_clock_10_n02708093_1356.png
specialised,1,53,,clock,clock,0,0053_ps_dnn_0_clock_10_n04548280_4862.png
specialised,1,54,,chair,clock,0,0054_ps_dnn_0_clock_10_n04548280_8429.png
specialised,1,55,,clock,clock,0,0055_ps_dnn_0_clock_10_n03196217_85.png
specialised,1,56,,clock,clock,0,0056_ps_dnn_0_clock_10_n04548280_5072.png
specialised,1,57,,chair,clock,0,0057_ps_dnn_0_clock_10_n04548280_2712.png
specialised,1,58,,clock,clock,0,0058_ps_dnn_0_clock_10_n02708093_4833.png
specialised,1,59,,clock,clock,0,0059_ps_dnn_0_clock_10_n04548280_1108.png
specialised,1,60,,clock,clock,0,0060_ps_dnn_0_clock_10_n04548280_1619.png
specialised,1,61,,oven,oven,0,0061_ps_dnn_0_oven_10_n04111531_8353.png
specialised,1,62,,oven,oven,0,0062_ps_dnn_0_oven_10_n04111531_519.png
specialised,1,63,,oven,oven,0,0063_ps_dnn_0_oven_10_n04111531_4685.png
specialised,1,64,,oven,oven,0,0064_ps_dnn_0_oven_10_n04111531_8441.png
specialised,1,65,,oven,oven,0,0065_ps_dnn_0_oven_10_n04111531_1567.png
specialised,1,66,,oven,oven,0,0066_ps_dnn_0_oven_10_n04111531_10681.png
specialised,1,67,,oven,oven,0,0067_ps_dnn_0_oven_10_n04111531_1828.png
specialised,1,68,,oven,oven,0,0068_ps_dnn_0_oven_10_n04111531_663.png
specialised,1,69,,oven,oven,0,0069_ps_dnn_0_oven_10_n04111531_5102.png
specialised,1,70,,oven,oven,0,0070_ps_dnn_0_oven_10_n04111531_1295.png
specialised,1,71,,car,chair,0,0071_ps_dnn_0_chair_10_n03376595_697.png
specialised,1,72,,chair,chair,0,0072_ps_dnn_0_chair_10_n03376595_849.png
specialised,1,73,,chair,chair,0,0073_ps_dnn_0_chair_10_n04429376_23092.png
specialised,1,74,,chair,chair,0,0074_ps_dnn_0_chair_10_n03376595_16197.png
specialised,1,75,,chair,chair,0,0075_ps_dnn_0_chair_10_n02791124_2058.png
specialised,1,76,,knife,chair,0,0076_ps_dnn_0_chair_10_n04099969_23387.png
specialised,1,77,,chair,chair,0,0077_ps_dnn_0_chair_10_n02791124_7602.png
specialised,1,78,,chair,chair,0,0078_ps_dnn_0_chair_10_n02791124_7174.png
specialised,1,79,,oven,chair,0,0079_ps_dnn_0_chair_10_n03376595_7755.png
specialised,1,80,,chair,chair,0,0080_ps_dnn_0_chair_10_n04099969_6360.png
specialised,1,81,,bear,bear,0,0081_ps_dnn_0_bear_10_n02134084_5756.png
specialised,1,82,,bear,bear,0,0082_ps_dnn_0_bear_10_n02133161_14729.png
specialised,1,83,,bear,bear,0,0083_ps_dnn_0_bear_10_n02133161_1059.png
specialised,1,84,,bear,bear,0,0084_ps_dnn_0_bear_10_n02134418_5962.png
specialised,1,85,,bear,bear,0,0085_ps_dnn_0_bear_10_n02132136_4883.png
specialised,1,86,,bear,bear,0,0086_ps_dnn_0_bear_10_n02134084_7288.png
specialised,1,87,,bear,bear,0,0087_ps_dnn_0_bear_10_n02132136_6431.png
specialised,1,88,,bear,bear,0,0088_ps_dnn_0_bear_10_n02133161_5066.png
specialised,1,89,,bear,bear,0,0089_ps_dnn_0_bear_10_n02132136_13864.png
specialised,1,90,,bear,bear,0,0090_ps_dnn_0_bear_10_n02134084_7521.png
specialised,1,91,,boat,boat,0,0091_ps_dnn_0_boat_10_n02951358_10138.png
specialised,1,92,,boat,boat,0,0092_ps_dnn_0_boat_10_n02951358_20000.png
specialised,1,93,,boat,boat,0,0093_ps_dnn_0_boat_10_n03662601_23315.png
specialised,1,94,,boat,boat,0,0094_ps_dnn_0_boat_10_n04273569_14243.png
specialised,1,95,,boat,boat,0,0095_ps_dnn_0_boat_10_n04612504_15844.png
specialised,1,96,,boat,boat,0,0096_ps_dnn_0_boat_10_n04273569_1339.png
specialised,1,97,,boat,boat,0,0097_ps_dnn_0_boat_10_n02951358_13090.png
specialised,1,98,,boat,boat,0,0098_ps_dnn_0_boat_10_n03344393_5859.png
specialised,1,99,,boat,boat,0,0099_ps_dnn_0_boat_10_n04273569_11964.png
specialised,1,100,,boat,boat,0,0100_ps_dnn_0_boat_10_n04273569_21405.png
specialised,1,101,,cat,cat,0,0101_ps_dnn_0_cat_10_n02123045_2351.png
specialised,1,102,,elephant,cat,0,0102_ps_dnn_0_cat_10_n02125311_45313.png
specialised,1,103,,cat,cat,0,0103_ps_dnn_0_cat_10_n02123159_6666.png
specialised,1,104,,cat,cat,0,0104_ps_dnn_0_cat_10_n02123597_7490.png
specialised,1,105,,cat,cat,0,0105_ps_dnn_0_cat_10_n02124075_7119.png
specialised,1,106,,cat,cat,0,0106_ps_dnn_0_cat_10_n02123159_6428.png
specialised,1,107,,cat,cat,0,0107_ps_dnn_0_cat_10_n02123045_4126.png
specialised,1,108,,cat,cat,0,0108_ps_dnn_0_cat_10_n02123597_5225.png
specialised,1,109,,cat,cat,0,0109_ps_dnn_0_cat_10_n02123597_13429.png
specialised,1,110,,cat,cat,0,0110_ps_dnn_0_cat_10_n02125311_51723.png
specialised,1,111,,bottle,bottle,0,0111_ps_dnn_0_bottle_10_n04557648_8823.png
specialised,1,112,,bottle,bottle,0,0112_ps_dnn_0_bottle_10_n03937543_1231.png
specialised,1,113,,bottle,bottle,0,0113_ps_dnn_0_bottle_10_n04579145_7117.png
specialised,1,114,,bicycle,bottle,0,0114_ps_dnn_0_bottle_10_n02823428_1781.png
specialised,1,115,,truck,bottle,0,0115_ps_dnn_0_bottle_10_n04560804_25067.png
specialised,1,116,,knife,bottle,0,0116_ps_dnn_0_bottle_10_n04591713_7141.png
specialised,1,117,,bottle,bottle,0,0117_ps_dnn_0_bottle_10_n04557648_8958.png
specialised,1,118,,bottle,bottle,0,0118_ps_dnn_0_bottle_10_n03983396_21188.png
specialised,1,119,,bottle,bottle,0,0119_ps_dnn_0_bottle_10_n02823428_706.png
specialised,1,120,,bottle,bottle,0,0120_ps_dnn_0_bottle_10_n03937543_1387.png
specialised,1,121,,truck,truck,0,0121_ps_dnn_0_truck_10_n03796401_1679.png
specialised,1,122,,truck,truck,0,0122_ps_dnn_0_truck_10_n03417042_9021.png
specialised,1,123,,truck,truck,0,0123_ps_dnn_0_truck_10_n03417042_6654.png
specialised,1,124,,truck,truck,0,0124_ps_dnn_0_truck_10_n03417042_7588.png
specialised,1,125,,truck,truck,0,0125_ps_dnn_0_truck_10_n03796401_20379.png
specialised,1,126,,truck,truck,0,0126_ps_dnn_0_truck_10_n03796401_6485.png
specialised,1,127,,truck,truck,0,0127_ps_dnn_0_truck_10_n03417042_27404.png
specialised,1,128,,bicycle,truck,0,0128_ps_dnn_0_truck_10_n04467665_23680.png
specialised,1,129,,truck,truck,0,0129_ps_dnn_0_truck_10_n03796401_7160.png
specialised,1,130,,truck,truck,0,0130_ps_dnn_0_truck_10_n03417042_4407.png
specialised,1,131,,car,car,0,0131_ps_dnn_0_car_10_n03100240_961.png
specialised,1,132,,car,car,0,0132_ps_dnn_0_car_10_n04285008_822.png
specialised,1,133,,car,car,0,0133_ps_dnn_0_car_10_n02814533_74986.png
specialised,1,134,,car,car,0,0134_ps_dnn_0_car_10_n03100240_1171.png
specialised,1,135,,car,car,0,0135_ps_dnn_0_car_10_n04285008_14073.png
specialised,1,136,,car,car,0,0136_ps_dnn_0_car_10_n04285008_4766.png
specialised,1,137,,car,car,0,0137_ps_dnn_0_car_10_n02814533_59053.png
specialised,1,138,,car,car,0,0138_ps_dnn_0_car_10_n03100240_8859.png
specialised,1,139,,car,car,0,0139_ps_dnn_0_car_10_n03100240_7278.png
specialised,1,140,,car,car,0,0140_ps_dnn_0_car_10_n03100240_21243.png
specialised,1,141,,bird,bird,0,0141_ps_dnn_0_bird_10_n02006656_6729.png
specialised,1,142,,elephant,bird,0,0142_ps_dnn_0_bird_10_n02056570_5158.png
specialised,1,143,,bird,bird,0,0143_ps_dnn_0_bird_10_n02002724_2601.png
specialised,1,144,,bird,bird,0,0144_ps_dnn_0_bird_10_n01820546_4627.png
specialised,1,145,,bird,bird,0,0145_ps_dnn_0_bird_10_n02013706_2465.png
specialised,1,146,,bird,bird,0,0146_ps_dnn_0_bird_10_n01558993_14526.png
specialised,1,147,,bird,bird,0,0147_ps_dnn_0_bird_10_n01616318_8013.png
specialised,1,148,,bird,bird,0,0148_ps_dnn_0_bird_10_n02051845_328.png
specialised,1,149,,bird,bird,0,0149_ps_dnn_0_bird_10_n02033041_15732.png
specialised,1,150,,bird,bird,0,0150_ps_dnn_0_bird_10_n01798484_16204.png
specialised,1,151,,dog,dog,0,0151_ps_dnn_0_dog_10_n02100735_5508.png
specialised,1,152,,dog,dog,0,0152_ps_dnn_0_dog_10_n02094258_1138.png
specialised,1,153,,cat,dog,0,0153_ps_dnn_0_dog_10_n02113712_13600.png
specialised,1,154,,dog,dog,0,0154_ps_dnn_0_dog_10_n02110958_12860.png
specialised,1,155,,dog,dog,0,0155_ps_dnn_0_dog_10_n02112018_5483.png
specialised,1,156,,dog,dog,0,0156_ps_dnn_0_dog_10_n02109525_10038.png
specialised,1,157,,elephant,dog,0,0157_ps_dnn_0_dog_10_n02092339_6659.png
specialised,1,158,,bear,dog,0,0158_ps_dnn_0_dog_10_n02097130_12198.png
specialised,1,159,,dog,dog,0,0159_ps_dnn_0_dog_10_n02097298_4090.png
specialised,1,160,,knife,dog,0,0160_ps_dnn_0_dog_10_n02110063_4109.png
specialised,1,161,,knife,knife,30,0161_ps_dnn_30_knife_10_n03041632_33739.png
specialised,1,162,,bicycle,knife,30,0162_ps_dnn_30_knife_10_n03041632_21017.png
specialised,1,163,,knife,knife,30,0163_ps_dnn_30_knife_10_n03041632_21034.png
specialised,1,164,,knife,knife,30,0164_ps_dnn_30_knife_10_n03041632_29862.png
specialised,1,165,,knife,knife,30,0165_ps_dnn_30_knife_10_n03041632_25479.png
specialised,1,166,,knife,knife,30,0166_ps_dnn_30_knife_10_n03041632_11186.png
specialised,1,167,,bird,knife,30,0167_ps_dnn_30_knife_10_n03041632_28129.png
specialised,1,168,,knife,knife,30,0168_ps_dnn_30_knife_10_n03041632_99460.png
specialised,1,169,,knife,knife,30,0169_ps_dnn_30_knife_10_n03041632_5162.png
specialised,1,170,,knife,knife,30,0170_ps_dnn_30_knife_10_n03041632_992.png
specialised,1,171,,keyboard,keyboard,30,0171_ps_dnn_30_keyboard_10_n04505470_8148.png
specialised,1,172,,keyboard,keyboard,30,0172_ps_dnn_30_keyboard_10_n04505470_713.png
specialised,1,173,,keyboard,keyboard,30,0173_ps_dnn_30_keyboard_10_n03085013_21649.png
specialised,1,174,,keyboard,keyboard,30,0174_ps_dnn_30_keyboard_10_n03085013_21492.png
specialised,1,175,,keyboard,keyboard,30,0175_ps_dnn_30_keyboard_10_n04505470_4595.png
specialised,1,176,,keyboard,keyboard,30,0176_ps_dnn_30_keyboard_10_n04505470_2797.png
specialised,1,177,,keyboard,keyboard,30,0177_ps_dnn_30_keyboard_10_n04505470_2603.png
specialised,1,178,,keyboard,keyboard,30,0178_ps_dnn_30_keyboard_10_n03085013_23769.png
specialised,1,179,,keyboard,keyboard,30,0179_ps_dnn_30_keyboard_10_n04505470_6421.png
specialised,1,180,,keyboard,keyboard,30,0180_ps_dnn_30_keyboard_10_n03085013_20757.png
specialised,1,181,,elephant,elephant,30,0181_ps_dnn_30_elephant_10_n02504458_5313.png
specialised,1,182,,elephant,elephant,30,0182_ps_dnn_30_elephant_10_n02504013_1165.png
specialised,1,183,,elephant,elephant,30,0183_ps_dnn_30_elephant_10_n02504458_7857.png
specialised,1,184,,bear,elephant,30,0184_ps_dnn_30_elephant_10_n02504458_381.png
specialised,1,185,,elephant,elephant,30,0185_ps_dnn_30_elephant_10_n02504458_4401.png
specialised,1,186,,elephant,elephant,30,0186_ps_dnn_30_elephant_10_n02504013_1534.png
specialised,1,187,,elephant,elephant,30,0187_ps_dnn_30_elephant_10_n02504458_3364.png
specialised,1,188,,elephant,elephant,30,0188_ps_dnn_30_elephant_10_n02504458_11353.png
specialised,1,189,,dog,elephant,30,0189_ps_dnn_30_elephant_10_n02504013_7477.png
specialised,1,190,,elephant,elephant,30,0190_ps_dnn_30_elephant_10_n02504013_5424.png
specialised,1,191,,bicycle,bicycle,30,0191_ps_dnn_30_bicycle_10_n03792782_19116.png
specialised,1,192,,bicycle,bicycle,30,0192_ps_dnn_30_bicycle_10_n03792782_3730.png
specialised,1,193,,bicycle,bicycle,30,0193_ps_dnn_30_bicycle_10_n03792782_28118.png
specialised,1,194,,bicycle,bicycle,30,0194_ps_dnn_30_bicycle_10_n03792782_14413.png
specialised,1,195,,bicycle,bicycle,30,0195_ps_dnn_30_bicycle_10_n02835271_7351.png
specialised,1,196,,bicycle,bicycle,30,0196_ps_dnn_30_bicycle_10_n03792782_4467.png
specialised,1,197,,bicycle,bicycle,30,0197_ps_dnn_30_bicycle_10_n03792782_9183.png
specialised,1,198,,boat,bicycle,30,0198_ps_dnn_30_bicycle_10_n03792782_5419.png
specialised,1,199,,bicycle,bicycle,30,0199_ps_dnn_30_bicycle_10_n02835271_18105.png
specialised,1,200,,bicycle,bicycle,30,0200_ps_dnn_30_bicycle_10_n03792782_28168.png
specialised,1,201,,airplane,airplane,30,0201_ps_dnn_30_airplane_10_n02690373_4410.png
specialised,1,202,,airplane,airplane,30,0202_ps_dnn_30_airplane_10_n02690373_2935.png
specialised,1,203,,airplane,airplane,30,0203_ps_dnn_30_airplane_10_n02690373_6992.png
specialised,1,204,,airplane,airplane,30,0204_ps_dnn_30_airplane_10_n02690373_1019.png
specialised,1,205,,airplane,airplane,30,0205_ps_dnn_30_airplane_10_n02690373_10006.png
specialised,1,206,,airplane,airplane,30,0206_ps_dnn_30_airplane_10_n02690373_1828.png
specialised,1,207,,airplane,airplane,30,0207_ps_dnn_30_airplane_10_n02690373_7210.png
specialised,1,208,,airplane,airplane,30,0208_ps_dnn_30_airplane_10_n02690373_9759.png
specialised,1,209,,airplane,airplane,30,0209_ps_dnn_30_airplane_10_n02690373_7279.png
specialised,1,210,,airplane,airplane,30,0210_ps_dnn_30_airplane_10_n02690373_8524.png
specialised,1,211,,clock,clock,30,0211_ps_dnn_30_clock_10_n03196217_11972.png
specialised,1,212,,clock,clock,30,0212_ps_dnn_30_clock_10_n02708093_2469.png
specialised,1,213,,clock,clock,30,0213_ps_dnn_30_clock_10_n03196217_454.png
specialised,1,214,,clock,clock,30,0214_ps_dnn_30_clock_10_n04548280_3305.png
specialised,1,215,,clock,clock,30,0215_ps_dnn_30_clock_10_n02708093_2549.png
specialised,1,216,,clock,clock,30,0216_ps_dnn_30_clock_10_n04548280_17198.png
specialised,1,217,,clock,clock,30,0217_ps_dnn_30_clock_10_n04548280_7885.png
specialised,1,218,,clock,clock,30,0218_ps_dnn_30_clock_10_n04548280_5039.png
specialised,1,219,,clock,clock,30,0219_ps_dnn_30_clock_10_n03196217_886.png
specialised,1,220,,clock,clock,30,0220_ps_dnn_30_clock_10_n04548280_7539.png
specialised,1,221,,knife,oven,30,0221_ps_dnn_30_oven_10_n04111531_4750.png
specialised,1,222,,oven,oven,30,0222_ps_dnn_30_oven_10_n04111531_8723.png
specialised,1,223,,oven,oven,30,0223_ps_dnn_30_oven_10_n04111531_8036.png
specialised,1,224,,oven,oven,30,0224_ps_dnn_30_oven_10_n04111531_2027.png
specialised,1,225,,chair,oven,30,0225_ps_dnn_30_oven_10_n04111531_2592.png
specialised,1,226,,oven,oven,30,0226_ps_dnn_30_oven_10_n04111531_9702.png
specialised,1,227,,oven,oven,30,0227_ps_dnn_30_oven_10_n04111531_20591.png
specialised,1,228,,chair,oven,30,0228_ps_dnn_30_oven_10_n04111531_14871.png
specialised,1,229,,oven,oven,30,0229_ps_dnn_30_oven_10_n04111531_627.png
specialised,1,230,,oven,oven,30,0230_ps_dnn_30_oven_10_n04111531_172.png
specialised,1,231,,chair,chair,30,0231_ps_dnn_30_chair_10_n04429376_5134.png
specialised,1,232,,chair,chair,30,0232_ps_dnn_30_chair_10_n04429376_2349.png
specialised,1,233,,chair,chair,30,0233_ps_dnn_30_chair_10_n04429376_9691.png
specialised,1,234,,chair,chair,30,0234_ps_dnn_30_chair_10_n03376595_7178.png
specialised,1,235,,truck,chair,30,0235_ps_dnn_30_chair_10_n02791124_2383.png
specialised,1,236,,chair,chair,30,0236_ps_dnn_30_chair_10_n03376595_9535.png
specialised,1,237,,chair,chair,30,0237_ps_dnn_30_chair_10_n04429376_18606.png
specialised,1,238,,chair,chair,30,0238_ps_dnn_30_chair_10_n04429376_7321.png
specialised,1,239,,chair,chair,30,0239_ps_dnn_30_chair_10_n03376595_10926.png
specialised,1,240,,keyboard,chair,30,0240_ps_dnn_30_chair_10_n03376595_10273.png
specialised,1,241,,elephant,bear,30,0241_ps_dnn_30_bear_10_n02132136_8248.png
specialised,1,242,,bear,bear,30,0242_ps_dnn_30_bear_10_n02132136_7754.png
specialised,1,243,,oven,bear,30,0243_ps_dnn_30_bear_10_n02134084_2104.png
specialised,1,244,,bear,bear,30,0244_ps_dnn_30_bear_10_n02132136_6387.png
specialised,1,245,,bear,bear,30,0245_ps_dnn_30_bear_10_n02134084_16084.png
specialised,1,246,,bear,bear,30,0246_ps_dnn_30_bear_10_n02132136_9182.png
specialised,1,247,,bear,bear,30,0247_ps_dnn_30_bear_10_n02134418_2869.png
specialised,1,248,,bear,bear,30,0248_ps_dnn_30_bear_10_n02134084_1999.png
specialised,1,249,,bear,bear,30,0249_ps_dnn_30_bear_10_n02132136_2198.png
specialised,1,250,,bear,bear,30,0250_ps_dnn_30_bear_10_n02132136_2807.png
specialised,1,251,,boat,boat,30,0251_ps_dnn_30_boat_10_n03344393_7532.png
specialised,1,252,,boat,boat,30,0252_ps_dnn_30_boat_10_n03662601_34510.png
specialised,1,253,,boat,boat,30,0253_ps_dnn_30_boat_10_n02951358_4479.png
specialised,1,254,,boat,boat,30,0254_ps_dnn_30_boat_10_n03344393_1285.png
specialised,1,255,,bicycle,boat,30,0255_ps_dnn_30_boat_10_n02951358_30504.png
specialised,1,256,,boat,boat,30,0256_ps_dnn_30_boat_10_n04612504_18954.png
specialised,1,257,,boat,boat,30,0257_ps_dnn_30_boat_10_n03344393_10748.png
specialised,1,258,,boat,boat,30,0258_ps_dnn_30_boat_10_n04612504_4204.png
specialised,1,259,,boat,boat,30,0259_ps_dnn_30_boat_10_n04273569_24747.png
specialised,1,260,,boat,boat,30,0260_ps_dnn_30_boat_10_n03662601_33398.png
specialised,1,261,,chair,cat,30,0261_ps_dnn_30_cat_10_n02125311_14449.png
specialised,1,262,,cat,cat,30,0262_ps_dnn_30_cat_10_n02125311_19548.png
specialised,1,263,,cat,cat,30,0263_ps_dnn_30_cat_10_n02123597_203.png
specialised,1,264,,cat,cat,30,0264_ps_dnn_30_cat_10_n02123045_9170.png
specialised,1,265,,cat,cat,30,0265_ps_dnn_30_cat_10_n02123045_12966.png
specialised,1,266,,cat,cat,30,0266_ps_dnn_30_cat_10_n02124075_6286.png
specialised,1,267,,bird,cat,30,0267_ps_dnn_30_cat_10_n02124075_11652.png
specialised,1,268,,cat,cat,30,0268_ps_dnn_30_cat_10_n02123597_11283.png
specialised,1,269,,cat,cat,30,0269_ps_dnn_30_cat_10_n02123394_3874.png
specialised,1,270,,cat,cat,30,0270_ps_dnn_30_cat_10_n02123394_686.png
specialised,1,271,,bottle,bottle,30,0271_ps_dnn_30_bottle_10_n04557648_3308.png
specialised,1,272,,bottle,bottle,30,0272_ps_dnn_30_bottle_10_n03983396_16825.png
specialised,1,273,,bottle,bottle,30,0273_ps_dnn_30_bottle_10_n03983396_10364.png
specialised,1,274,,bottle,bottle,30,0274_ps_dnn_30_bottle_10_n04557648_6515.png
specialised,1,275,,bottle,bottle,30,0275_ps_dnn_30_bottle_10_n02823428_14980.png
specialised,1,276,,bottle,bottle,30,0276_ps_dnn_30_bottle_10_n03983396_12980.png
specialised,1,277,,bicycle,bottle,30,0277_ps_dnn_30_bottle_10_n04557648_680.png
specialised,1,278,,bottle,bottle,30,0278_ps_dnn_30_bottle_10_n03983396_14326.png
specialised,1,279,,bottle,bottle,30,0279_ps_dnn_30_bottle_10_n02823428_8257.png
specialised,1,280,,bottle,bottle,30,0280_ps_dnn_30_bottle_10_n03937543_1341.png
specialised,1,281,,truck,truck,30,0281_ps_dnn_30_truck_10_n04467665_23695.png
specialised,1,282,,truck,truck,30,0282_ps_dnn_30_truck_10_n03417042_17215.png
specialised,1,283,,truck,truck,30,0283_ps_dnn_30_truck_10_n03417042_22196.png
specialised,1,284,,truck,truck,30,0284_ps_dnn_30_truck_10_n03417042_22828.png
specialised,1,285,,truck,truck,30,0285_ps_dnn_30_truck_10_n04467665_52709.png
specialised,1,286,,truck,truck,30,0286_ps_dnn_30_truck_10_n03417042_3216.png
specialised,1,287,,truck,truck,30,0287_ps_dnn_30_truck_10_n04467665_55374.png
specialised,1,288,,truck,truck,30,0288_ps_dnn_30_truck_10_n04467665_4037.png
specialised,1,289,,truck,truck,30,0289_ps_dnn_30_truck_10_n04467665_4791.png
specialised,1,290,,truck,truck,30,0290_ps_dnn_30_truck_10_n03417042_1651.png
specialised,1,291,,car,car,30,0291_ps_dnn_30_car_10_n02814533_4449.png
specialised,1,292,,car,car,30,0292_ps_dnn_30_car_10_n04285008_5114.png
specialised,1,293,,car,car,30,0293_ps_dnn_30_car_10_n04285008_10539.png
specialised,1,294,,car,car,30,0294_ps_dnn_30_car_10_n03100240_6954.png
specialised,1,295,,car,car,30,0295_ps_dnn_30_car_10_n04285008_5788.png
specialised,1,296,,car,car,30,0296_ps_dnn_30_car_10_n03100240_6029.png
specialised,1,297,,truck,car,30,0297_ps_dnn_30_car_10_n02814533_2308.png
specialised,1,298,,car,car,30,0298_ps_dnn_30_car_10_n02814533_6817.png
specialised,1,299,,car,car,30,0299_ps_dnn_30_car_10_n03100240_20698.png
specialised,1,300,,car,car,30,0300_ps_dnn_30_car_10_n03100240_6979.png
specialised,1,301,,bird,bird,30,0301_ps_dnn_30_bird_10_n01818515_2907.png
specialised,1,302,,chair,bird,30,0302_ps_dnn_30_bird_10_n02013706_7206.png
specialised,1,303,,bird,bird,30,0303_ps_dnn_30_bird_10_n01817953_6503.png
specialised,1,304,,bird,bird,30,0304_ps_dnn_30_bird_10_n01531178_16486.png
specialised,1,305,,bird,bird,30,0305_ps_dnn_30_bird_10_n01616318_2056.png
specialised,1,306,,bear,bird,30,0306_ps_dnn_30_bird_10_n01514859_2419.png
specialised,1,307,,bird,bird,30,0307_ps_dnn_30_bird_10_n01855672_9158.png
specialised,1,308,,bird,bird,30,0308_ps_dnn_30_bird_10_n01582220_5675.png
specialised,1,309,,bird,bird,30,0309_ps_dnn_30_bird_10_n01514859_8834.png
specialised,1,310,,bird,bird,30,0310_ps_dnn_30_bird_10_n02018795_15073.png
specialised,1,311,,dog,dog,30,0311_ps_dnn_30_dog_10_n02106166_135.png
specialised,1,312,,dog,dog,30,0312_ps_dnn_30_dog_10_n02107908_2340.png
specialised,1,313,,dog,dog,30,0313_ps_dnn_30_dog_10_n02093647_7959.png
specialised,1,314,,dog,dog,30,0314_ps_dnn_30_dog_10_n02101388_3811.png
specialised,1,315,,dog,dog,30,0315_ps_dnn_30_dog_10_n02096051_422.png
specialised,1,316,,dog,dog,30,0316_ps_dnn_30_dog_10_n02102040_8296.png
specialised,1,317,,car,dog,30,0317_ps_dnn_30_dog_10_n02100735_693.png
specialised,1,318,,dog,dog,30,0318_ps_dnn_30_dog_10_n02106550_764.png
specialised,1,319,,dog,dog,30,0319_ps_dnn_30_dog_10_n02095314_4226.png
specialised,1,320,,dog,dog,30,0320_ps_dnn_30_dog_10_n02100583_1956.png
specialised,1,321,,truck,knife,60,0321_ps_dnn_60_knife_10_n03041632_12242.png
specialised,1,322,,knife,knife,60,0322_ps_dnn_60_knife_10_n03041632_36280.png
specialised,1,323,,knife,knife,60,0323_ps_dnn_60_knife_10_n03041632_45622.png
specialised,1,324,,boat,knife,60,0324_ps_dnn_60_knife_10_n03041632_1006.png
specialised,1,325,,knife,knife,60,0325_ps_dnn_60_knife_10_n03041632_18859.png
specialised,1,326,,knife,knife,60,0326_ps_dnn_60_knife_10_n03041632_24277.png
specialised,1,327,,knife,knife,60,0327_ps_dnn_60_knife_10_n03041632_42196.png
specialised,1,328,,knife,knife,60,0328_ps_dnn_60_knife_10_n03041632_14132.png
specialised,1,329,,knife,knife,60,0329_ps_dnn_60_knife_10_n03041632_13645.png
specialised,1,330,,bottle,knife,60,0330_ps_dnn_60_knife_10_n03041632_3617.png
specialised,1,331,,keyboard,keyboard,60,0331_ps_dnn_60_keyboard_10_n03085013_3489.png
specialised,1,332,,keyboard,keyboard,60,0332_ps_dnn_60_keyboard_10_n03085013_23904.png
specialised,1,333,,keyboard,keyboard,60,0333_ps_dnn_60_keyboard_10_n03085013_22069.png
specialised,1,334,,cat,keyboard,60,0334_ps_dnn_60_keyboard_10_n03085013_26449.png
specialised,1,335,,keyboard,keyboard,60,0335_ps_dnn_60_keyboard_10_n04505470_2446.png
specialised,1,336,,keyboard,keyboard,60,0336_ps_dnn_60_keyboard_10_n03085013_24399.png
specialised,1,337,,keyboard,keyboard,60,0337_ps_dnn_60_keyboard_10_n03085013_22686.png
specialised,1,338,,keyboard,keyboard,60,0338_ps_dnn_60_keyboard_10_n03085013_11110.png
specialised,1,339,,keyboard,keyboard,60,0339_ps_dnn_60_keyboard_10_n04505470_4507.png
specialised,1,340,,keyboard,keyboard,60,0340_ps_dnn_60_keyboard_10_n04505470_5060.png
specialised,1,341,,elephant,elephant,60,0341_ps_dnn_60_elephant_10_n02504458_12368.png
specialised,1,342,,elephant,elephant,60,0342_ps_dnn_60_elephant_10_n02504458_1302.png
specialised,1,343,,cat,elephant,60,0343_ps_dnn_60_elephant_10_n02504013_6303.png
specialised,1,344,,elephant,elephant,60,0344_ps_dnn_60_elephant_10_n02504458_150.png
specialised,1,345,,elephant,elephant,60,0345_ps_dnn_60_elephant_10_n02504013_2342.png
specialised,1,346,,elephant,elephant,60,0346_ps_dnn_60_elephant_10_n02504458_2237.png
specialised,1,347,,elephant,elephant,60,0347_ps_dnn_60_elephant_10_n02504013_3916.png
specialised,1,348,,elephant,elephant,60,0348_ps_dnn_60_elephant_10_n02504013_9301.png
specialised,1,349,,elephant,elephant,60,0349_ps_dnn_60_elephant_10_n02504013_474.png
specialised,1,350,,elephant,elephant,60,0350_ps_dnn_60_elephant_10_n02504013_559.png
specialised,1,351,,bicycle,bicycle,60,0351_ps_dnn_60_bicycle_10_n03792782_16169.png
specialised,1,352,,bicycle,bicycle,60,0352_ps_dnn_60_bicycle_10_n03792782_3067.png
specialised,1,353,,bicycle,bicycle,60,0353_ps_dnn_60_bicycle_10_n03792782_2793.png
specialised,1,354,,bicycle,bicycle,60,0354_ps_dnn_60_bicycle_10_n02835271_8757.png
specialised,1,355,,bicycle,bicycle,60,0355_ps_dnn_60_bicycle_10_n03792782_3705.png
specialised,1,356,,bicycle,bicycle,60,0356_ps_dnn_60_bicycle_10_n02835271_6539.png
specialised,1,357,,bicycle,bicycle,60,0357_ps_dnn_60_bicycle_10_n02835271_31.png
specialised,1,358,,bicycle,bicycle,60,0358_ps_dnn_60_bicycle_10_n03792782_5209.png
specialised,1,359,,bicycle,bicycle,60,0359_ps_dnn_60_bicycle_10_n02835271_10910.png
specialised,1,360,,bicycle,bicycle,60,0360_ps_dnn_60_bicycle_10_n02835271_6475.png
specialised,1,361,,airplane,airplane,60,0361_ps_dnn_60_airplane_10_n02690373_9926.png
specialised,1,362,,airplane,airplane,60,0362_ps_dnn_60_airplane_10_n02690373_9991.png
specialised,1,363,,airplane,airplane,60,0363_ps_dnn_60_airplane_10_n02690373_7281.png
specialised,1,364,,airplane,airplane,60,0364_ps_dnn_60_airplane_10_n02690373_9059.png
specialised,1,365,,airplane,airplane,60,0365_ps_dnn_60_airplane_10_n02690373_1829.png
specialised,1,366,,bird,airplane,60,0366_ps_dnn_60_airplane_10_n02690373_10176.png
specialised,1,367,,airplane,airplane,60,0367_ps_dnn_60_airplane_10_n02690373_2716.png
specialised,1,368,,airplane,airplane,60,0368_ps_dnn_60_airplane_10_n02690373_3860.png
specialised,1,369,,airplane,airplane,60,0369_ps_dnn_60_airplane_10_n02690373_2128.png
specialised,1,370,,airplane,airplane,60,0370_ps_dnn_60_airplane_10_n02690373_9247.png
specialised,1,371,,clock,clock,60,0371_ps_dnn_60_clock_10_n04548280_4073.png
specialised,1,372,,clock,clock,60,0372_ps_dnn_60_clock_10_n03196217_6809.png
specialised,1,373,,clock,clock,60,0373_ps_dnn_60_clock_10_n02708093_3399.png
specialised,1,374,,bottle,clock,60,0374_ps_dnn_60_clock_10_n02708093_170.png
specialised,1,375,,clock,clock,60,0375_ps_dnn_60_clock_10_n04548280_2404.png
specialised,1,376,,bird,clock,60,0376_ps_dnn_60_clock_10_n04548280_5309.png
specialised,1,377,,clock,clock,60,0377_ps_dnn_60_clock_10_n03196217_3039.png
specialised,1,378,,clock,clock,60,0378_ps_dnn_60_clock_10_n04548280_5299.png
specialised,1,379,,clock,clock,60,0379_ps_dnn_60_clock_10_n04548280_2.png
specialised,1,380,,clock,clock,60,0380_ps_dnn_60_clock_10_n04548280_3458.png
specialised,1,381,,chair,oven,60,0381_ps_dnn_60_oven_10_n04111531_14913.png
specialised,1,382,,oven,oven,60,0382_ps_dnn_60_oven_10_n04111531_5927.png
specialised,1,383,,oven,oven,60,0383_ps_dnn_60_oven_10_n04111531_8344.png
specialised,1,384,,bicycle,oven,60,0384_ps_dnn_60_oven_10_n04111531_10664.png
specialised,1,385,,oven,oven,60,0385_ps_dnn_60_oven_10_n04111531_8812.png
specialised,1,386,,oven,oven,60,0386_ps_dnn_60_oven_10_n04111531_19631.png
specialised,1,387,,oven,oven,60,0387_ps_dnn_60_oven_10_n04111531_4346.png
specialised,1,388,,oven,oven,60,0388_ps_dnn_60_oven_10_n04111531_4452.png
specialised,1,389,,bird,oven,60,0389_ps_dnn_60_oven_10_n04111531_21208.png
specialised,1,390,,oven,oven,60,0390_ps_dnn_60_oven_10_n04111531_1442.png
specialised,1,391,,chair,chair,60,0391_ps_dnn_60_chair_10_n04429376_6242.png
specialised,1,392,,chair,chair,60,0392_ps_dnn_60_chair_10_n04099969_15060.png
specialised,1,393,,chair,chair,60,0393_ps_dnn_60_chair_10_n02791124_984.png
specialised,1,394,,chair,chair,60,0394_ps_dnn_60_chair_10_n03376595_7515.png
specialised,1,395,,chair,chair,60,0395_ps_dnn_60_chair_10_n04429376_7621.png
specialised,1,396,,chair,chair,60,0396_ps_dnn_60_chair_10_n04099969_7274.png
specialised,1,397,,chair,chair,60,0397_ps_dnn_60_chair_10_n02791124_12832.png
specialised,1,398,,chair,chair,60,0398_ps_dnn_60_chair_10_n04429376_7439.png
specialised,1,399,,chair,chair,60,0399_ps_dnn_60_chair_10_n04429376_25432.png
specialised,1,400,,chair,chair,60,0400_ps_dnn_60_chair_10_n03376595_68.png
specialised,1,401,,elephant,bear,60,0401_ps_dnn_60_bear_10_n02134418_5033.png
specialised,1,402,,elephant,bear,60,0402_ps_dnn_60_bear_10_n02134418_2746.png
specialised,1,403,,bear,bear,60,0403_ps_dnn_60_bear_10_n02134084_1938.png
specialised,1,404,,bear,bear,60,0404_ps_dnn_60_bear_10_n02134418_3551.png
specialised,1,405,,bear,bear,60,0405_ps_dnn_60_bear_10_n02133161_1346.png
specialised,1,406,,bear,bear,60,0406_ps_dnn_60_bear_10_n02134084_3144.png
specialised,1,407,,bear,bear,60,0407_ps_dnn_60_bear_10_n02134084_7622.png
specialised,1,408,,bear,bear,60,0408_ps_dnn_60_bear_10_n02134084_18611.png
specialised,1,409,,bear,bear,60,0409_ps_dnn_60_bear_10_n02134084_6780.png
specialised,1,410,,bear,bear,60,0410_ps_dnn_60_bear_10_n02134084_9730.png
specialised,1,411,,boat,boat,60,0411_ps_dnn_60_boat_10_n04612504_21601.png
specialised,1,412,,boat,boat,60,0412_ps_dnn_60_boat_10_n03344393_13851.png
specialised,1,413,,boat,boat,60,0413_ps_dnn_60_boat_10_n03662601_20834.png
specialised,1,414,,boat,boat,60,0414_ps_dnn_60_boat_10_n04612504_19486.png
specialised,1,415,,boat,boat,60,0415_ps_dnn_60_boat_10_n03662601_26557.png
specialised,1,416,,boat,boat,60,0416_ps_dnn_60_boat_10_n04273569_17977.png
specialised,1,417,,boat,boat,60,0417_ps_dnn_60_boat_10_n02951358_16166.png
specialised,1,418,,boat,boat,60,0418_ps_dnn_60_boat_10_n02951358_12126.png
specialised,1,419,,boat,boat,60,0419_ps_dnn_60_boat_10_n04612504_17978.png
specialised,1,420,,boat,boat,60,0420_ps_dnn_60_boat_10_n02951358_3087.png
specialised,1,421,,dog,cat,60,0421_ps_dnn_60_cat_10_n02123394_1499.png
specialised,1,422,,elephant,cat,60,0422_ps_dnn_60_cat_10_n02125311_30871.png
specialised,1,423,,cat,cat,60,0423_ps_dnn_60_cat_10_n02125311_58564.png
specialised,1,424,,bear,cat,60,0424_ps_dnn_60_cat_10_n02124075_2268.png
specialised,1,425,,cat,cat,60,0425_ps_dnn_60_cat_10_n02123394_1858.png
specialised,1,426,,cat,cat,60,0426_ps_dnn_60_cat_10_n02123394_916.png
specialised,1,427,,cat,cat,60,0427_ps_dnn_60_cat_10_n02123394_9037.png
specialised,1,428,,cat,cat,60,0428_ps_dnn_60_cat_10_n02123394_2726.png
specialised,1,429,,cat,cat,60,0429_ps_dnn_60_cat_10_n02123394_2699.png
specialised,1,430,,cat,cat,60,0430_ps_dnn_60_cat_10_n02123159_7259.png
specialised,1,431,,bottle,bottle,60,0431_ps_dnn_60_bottle_10_n02823428_3876.png
specialised,1,432,,bottle,bottle,60,0432_ps_dnn_60_bottle_10_n03983396_6920.png
specialised,1,433,,bottle,bottle,60,0433_ps_dnn_60_bottle_10_n03983396_4143.png
specialised,1,434,,bottle,bottle,60,0434_ps_dnn_60_bottle_10_n02823428_6196.png
specialised,1,435,,bottle,bottle,60,0435_ps_dnn_60_bottle_10_n04579145_4650.png
specialised,1,436,,bottle,bottle,60,0436_ps_dnn_60_bottle_10_n03937543_6396.png
specialised,1,437,,clock,bottle,60,0437_ps_dnn_60_bottle_10_n04591713_8632.png
specialised,1,438,,bottle,bottle,60,0438_ps_dnn_60_bottle_10_n02823428_6328.png
specialised,1,439,,truck,bottle,60,0439_ps_dnn_60_bottle_10_n03983396_12881.png
specialised,1,440,,bottle,bottle,60,0440_ps_dnn_60_bottle_10_n04579145_2676.png
specialised,1,441,,truck,truck,60,0441_ps_dnn_60_truck_10_n04467665_71074.png
specialised,1,442,,truck,truck,60,0442_ps_dnn_60_truck_10_n03417042_19203.png
specialised,1,443,,truck,truck,60,0443_ps_dnn_60_truck_10_n03417042_11000.png
specialised,1,444,,truck,truck,60,0444_ps_dnn_60_truck_10_n03417042_4238.png
specialised,1,445,,truck,truck,60,0445_ps_dnn_60_truck_10_n03796401_4119.png
specialised,1,446,,truck,truck,60,0446_ps_dnn_60_truck_10_n04467665_65113.png
specialised,1,447,,truck,truck,60,0447_ps_dnn_60_truck_10_n03796401_4465.png
specialised,1,448,,truck,truck,60,0448_ps_dnn_60_truck_10_n03796401_5044.png
specialised,1,449,,truck,truck,60,0449_ps_dnn_60_truck_10_n03796401_4827.png
specialised,1,450,,truck,truck,60,0450_ps_dnn_60_truck_10_n03796401_11221.png
specialised,1,451,,car,car,60,0451_ps_dnn_60_car_10_n02814533_76.png
specialised,1,452,,truck,car,60,0452_ps_dnn_60_car_10_n02814533_12044.png
specialised,1,453,,car,car,60,0453_ps_dnn_60_car_10_n04285008_7904.png
specialised,1,454,,car,car,60,0454_ps_dnn_60_car_10_n03100240_16653.png
specialised,1,455,,car,car,60,0455_ps_dnn_60_car_10_n02814533_94686.png
specialised,1,456,,car,car,60,0456_ps_dnn_60_car_10_n03100240_20114.png
specialised,1,457,,car,car,60,0457_ps_dnn_60_car_10_n03100240_3336.png
specialised,1,458,,car,car,60,0458_ps_dnn_60_car_10_n02814533_28371.png
specialised,1,459,,car,car,60,0459_ps_dnn_60_car_10_n02814533_62199.png
specialised,1,460,,car,car,60,0460_ps_dnn_60_car_10_n04285008_3891.png
specialised,1,461,,bird,bird,60,0461_ps_dnn_60_bird_10_n01592084_202.png
specialised,1,462,,bird,bird,60,0462_ps_dnn_60_bird_10_n01860187_486.png
specialised,1,463,,bird,bird,60,0463_ps_dnn_60_bird_10_n01797886_80.png
specialised,1,464,,bear,bird,60,0464_ps_dnn_60_bird_10_n01616318_5505.png
specialised,1,465,,bird,bird,60,0465_ps_dnn_60_bird_10_n01537544_18554.png
specialised,1,466,,bird,bird,60,0466_ps_dnn_60_bird_10_n01855032_2640.png
specialised,1,467,,cat,bird,60,0467_ps_dnn_60_bird_10_n01833805_2497.png
specialised,1,468,,bird,bird,60,0468_ps_dnn_60_bird_10_n01530575_10711.png
specialised,1,469,,chair,bird,60,0469_ps_dnn_60_bird_10_n01843383_6376.png
specialised,1,470,,bird,bird,60,0470_ps_dnn_60_bird_10_n01560419_2537.png
specialised,1,471,,dog,dog,60,0471_ps_dnn_60_dog_10_n02097047_1721.png
specialised,1,472,,dog,dog,60,0472_ps_dnn_60_dog_10_n02086910_1957.png
specialised,1,473,,dog,dog,60,0473_ps_dnn_60_dog_10_n02107908_8544.png
specialised,1,474,,bottle,dog,60,0474_ps_dnn_60_dog_10_n02110806_131.png
specialised,1,475,,dog,dog,60,0475_ps_dnn_60_dog_10_n02100236_9071.png
specialised,1,476,,dog,dog,60,0476_ps_dnn_60_dog_10_n02101388_8113.png
specialised,1,477,,dog,dog,60,0477_ps_dnn_60_dog_10_n02110063_15327.png
specialised,1,478,,bicycle,dog,60,0478_ps_dnn_60_dog_10_n02091032_12099.png
specialised,1,479,,dog,dog,60,0479_ps_dnn_60_dog_10_n02093428_13197.png
specialised,1,480,,dog,dog,60,0480_ps_dnn_60_dog_10_n02107574_40.png
specialised,1,481,,knife,knife,90,0481_ps_dnn_90_knife_10_n03041632_8563.png
specialised,1,482,,knife,knife,90,0482_ps_dnn_90_knife_10_n03041632_47234.png
specialised,1,483,,clock,knife,90,0483_ps_dnn_90_knife_10_n03041632_7982.png
specialised,1,484,,knife,knife,90,0484_ps_dnn_90_knife_10_n03041632_11475.png
specialised,1,485,,knife,knife,90,0485_ps_dnn_90_knife_10_n03041632_9157.png
specialised,1,486,,knife,knife,90,0486_ps_dnn_90_knife_10_n03041632_22190.png
specialised,1,487,,knife,knife,90,0487_ps_dnn_90_knife_10_n03041632_22480.png
specialised,1,488,,knife,knife,90,0488_ps_dnn_90_knife_10_n03041632_5911.png
specialised,1,489,,knife,knife,90,0489_ps_dnn_90_knife_10_n03041632_4279.png
specialised,1,490,,bicycle,knife,90,0490_ps_dnn_90_knife_10_n03041632_90407.png
specialised,1,491,,keyboard,keyboard,90,0491_ps_dnn_90_keyboard_10_n04505470_4906.png
specialised,1,492,,keyboard,keyboard,90,0492_ps_dnn_90_keyboard_10_n04505470_4348.png
specialised,1,493,,keyboard,keyboard,90,0493_ps_dnn_90_keyboard_10_n04505470_1994.png
specialised,1,494,,keyboard,keyboard,90,0494_ps_dnn_90_keyboard_10_n03085013_19233.png
specialised,1,495,,bottle,keyboard,90,0495_ps_dnn_90_keyboard_10_n04505470_2158.png
specialised,1,496,,keyboard,keyboard,90,0496_ps_dnn_90_keyboard_10_n03085013_22067.png
specialised,1,497,,keyboard,keyboard,90,0497_ps_dnn_90_keyboard_10_n04505470_10665.png
specialised,1,498,,keyboard,keyboard,90,0498_ps_dnn_90_keyboard_10_n03085013_20683.png
specialised,1,499,,clock,keyboard,90,0499_ps_dnn_90_keyboard_10_n03085013_30073.png
specialised,1,500,,keyboard,keyboard,90,0500_ps_dnn_90_keyboard_10_n03085013_15504.png
specialised,1,501,,elephant,elephant,90,0501_ps_dnn_90_elephant_10_n02504458_4361.png
specialised,1,502,,elephant,elephant,90,0502_ps_dnn_90_elephant_10_n02504458_4587.png
specialised,1,503,,elephant,elephant,90,0503_ps_dnn_90_elephant_10_n02504458_6903.png
specialised,1,504,,truck,elephant,90,0504_ps_dnn_90_elephant_10_n02504458_461.png
specialised,1,505,,elephant,elephant,90,0505_ps_dnn_90_elephant_10_n02504458_1137.png
specialised,1,506,,elephant,elephant,90,0506_ps_dnn_90_elephant_10_n02504458_193.png
specialised,1,507,,elephant,elephant,90,0507_ps_dnn_90_elephant_10_n02504458_6130.png
specialised,1,508,,elephant,elephant,90,0508_ps_dnn_90_elephant_10_n02504013_2949.png
specialised,1,509,,elephant,elephant,90,0509_ps_dnn_90_elephant_10_n02504458_2739.png
specialised,1,510,,elephant,elephant,90,0510_ps_dnn_90_elephant_10_n02504458_8041.png
specialised,1,511,,bicycle,bicycle,90,0511_ps_dnn_90_bicycle_10_n02835271_5177.png
specialised,1,512,,bicycle,bicycle,90,0512_ps_dnn_90_bicycle_10_n03792782_952.png
specialised,1,513,,bicycle,bicycle,90,0513_ps_dnn_90_bicycle_10_n02835271_12006.png
specialised,1,514,,bicycle,bicycle,90,0514_ps_dnn_90_bicycle_10_n03792782_51679.png
specialised,1,515,,bicycle,bicycle,90,0515_ps_dnn_90_bicycle_10_n02835271_13729.png
specialised,1,516,,bicycle,bicycle,90,0516_ps_dnn_90_bicycle_10_n03792782_50972.png
specialised,1,517,,bicycle,bicycle,90,0517_ps_dnn_90_bicycle_10_n03792782_5160.png
specialised,1,518,,bicycle,bicycle,90,0518_ps_dnn_90_bicycle_10_n02835271_19557.png
specialised,1,519,,bird,bicycle,90,0519_ps_dnn_90_bicycle_10_n03792782_14935.png
specialised,1,520,,bicycle,bicycle,90,0520_ps_dnn_90_bicycle_10_n03792782_1199.png
specialised,1,521,,airplane,airplane,90,0521_ps_dnn_90_airplane_10_n02690373_10514.png
specialised,1,522,,airplane,airplane,90,0522_ps_dnn_90_airplane_10_n02690373_7591.png
specialised,1,523,,airplane,airplane,90,0523_ps_dnn_90_airplane_10_n02690373_8950.png
specialised,1,524,,truck,airplane,90,0524_ps_dnn_90_airplane_10_n02690373_10462.png
specialised,1,525,,airplane,airplane,90,0525_ps_dnn_90_airplane_10_n02690373_3553.png
specialised,1,526,,airplane,airplane,90,0526_ps_dnn_90_airplane_10_n02690373_16986.png
specialised,1,527,,airplane,airplane,90,0527_ps_dnn_90_airplane_10_n02690373_6676.png
specialised,1,528,,airplane,airplane,90,0528_ps_dnn_90_airplane_10_n02690373_4176.png
specialised,1,529,,airplane,airplane,90,0529_ps_dnn_90_airplane_10_n02690373_5597.png
specialised,1,530,,airplane,airplane,90,0530_ps_dnn_90_airplane_10_n02690373_5415.png
specialised,1,531,,clock,clock,90,0531_ps_dnn_90_clock_10_n04548280_407.png
specialised,1,532,,clock,clock,90,0532_ps_dnn_90_clock_10_n03196217_4915.png
specialised,1,533,,clock,clock,90,0533_ps_dnn_90_clock_10_n04548280_5380.png
specialised,1,534,,clock,clock,90,0534_ps_dnn_90_clock_10_n03196217_8325.png
specialised,1,535,,truck,clock,90,0535_ps_dnn_90_clock_10_n03196217_2022.png
specialised,1,536,,clock,clock,90,0536_ps_dnn_90_clock_10_n04548280_668.png
specialised,1,537,,clock,clock,90,0537_ps_dnn_90_clock_10_n04548280_5857.png
specialised,1,538,,clock,clock,90,0538_ps_dnn_90_clock_10_n04548280_3396.png
specialised,1,539,,clock,clock,90,0539_ps_dnn_90_clock_10_n03196217_1804.png
specialised,1,540,,clock,clock,90,0540_ps_dnn_90_clock_10_n04548280_6811.png
specialised,1,541,,oven,oven,90,0541_ps_dnn_90_oven_10_n04111531_6536.png
specialised,1,542,,oven,oven,90,0542_ps_dnn_90_oven_10_n04111531_2447.png
specialised,1,543,,oven,oven,90,0543_ps_dnn_90_oven_10_n04111531_5756.png
specialised,1,544,,oven,oven,90,0544_ps_dnn_90_oven_10_n04111531_547.png
specialised,1,545,,oven,oven,90,0545_ps_dnn_90_oven_10_n04111531_6313.png
specialised,1,546,,car,oven,90,0546_ps_dnn_90_oven_10_n04111531_797.png
specialised,1,547,,oven,oven,90,0547_ps_dnn_90_oven_10_n04111531_584.png
specialised,1,548,,truck,oven,90,0548_ps_dnn_90_oven_10_n04111531_5643.png
specialised,1,549,,oven,oven,90,0549_ps_dnn_90_oven_10_n04111531_3193.png
specialised,1,550,,oven,oven,90,0550_ps_dnn_90_oven_10_n04111531_7469.png
specialised,1,551,,chair,chair,90,0551_ps_dnn_90_chair_10_n02791124_4777.png
specialised,1,552,,chair,chair,90,0552_ps_dnn_90_chair_10_n03376595_15542.png
specialised,1,553,,bottle,chair,90,0553_ps_dnn_90_chair_10_n04429376_20188.png
specialised,1,554,,truck,chair,90,0554_ps_dnn_90_chair_10_n03376595_14453.png
specialised,1,555,,chair,chair,90,0555_ps_dnn_90_chair_10_n04099969_18571.png
specialised,1,556,,chair,chair,90,0556_ps_dnn_90_chair_10_n04429376_24535.png
specialised,1,557,,chair,chair,90,0557_ps_dnn_90_chair_10_n03376595_7394.png
specialised,1,558,,truck,chair,90,0558_ps_dnn_90_chair_10_n04429376_4941.png
specialised,1,559,,chair,chair,90,0559_ps_dnn_90_chair_10_n04429376_11642.png
specialised,1,560,,chair,chair,90,0560_ps_dnn_90_chair_10_n04429376_8106.png
specialised,1,561,,bear,bear,90,0561_ps_dnn_90_bear_10_n02134418_162.png
specialised,1,562,,bear,bear,90,0562_ps_dnn_90_bear_10_n02134418_3240.png
specialised,1,563,,bear,bear,90,0563_ps_dnn_90_bear_10_n02134084_8045.png
specialised,1,564,,bear,bear,90,0564_ps_dnn_90_bear_10_n02132136_23202.png
specialised,1,565,,bear,bear,90,0565_ps_dnn_90_bear_10_n02134418_86.png
specialised,1,566,,dog,bear,90,0566_ps_dnn_90_bear_10_n02133161_2601.png
specialised,1,567,,bear,bear,90,0567_ps_dnn_90_bear_10_n02133161_575.png
specialised,1,568,,elephant,bear,90,0568_ps_dnn_90_bear_10_n02134418_4979.png
specialised,1,569,,bear,bear,90,0569_ps_dnn_90_bear_10_n02134084_2082.png
specialised,1,570,,bear,bear,90,0570_ps_dnn_90_bear_10_n02132136_24002.png
specialised,1,571,,boat,boat,90,0571_ps_dnn_90_boat_10_n02951358_35068.png
specialised,1,572,,boat,boat,90,0572_ps_dnn_90_boat_10_n03344393_830.png
specialised,1,573,,boat,boat,90,0573_ps_dnn_90_boat_10_n04273569_2969.png
specialised,1,574,,boat,boat,90,0574_ps_dnn_90_boat_10_n04273569_872.png
specialised,1,575,,boat,boat,90,0575_ps_dnn_90_boat_10_n02951358_32049.png
specialised,1,576,,boat,boat,90,0576_ps_dnn_90_boat_10_n04612504_36022.png
specialised,1,577,,boat,boat,90,0577_ps_dnn_90_boat_10_n02951358_15376.png
specialised,1,578,,airplane,boat,90,0578_ps_dnn_90_boat_10_n04612504_1337.png
specialised,1,579,,boat,boat,90,0579_ps_dnn_90_boat_10_n03662601_2105.png
specialised,1,580,,boat,boat,90,0580_ps_dnn_90_boat_10_n02951358_34782.png
specialised,1,581,,cat,cat,90,0581_ps_dnn_90_cat_10_n02123159_1389.png
specialised,1,582,,bear,cat,90,0582_ps_dnn_90_cat_10_n02125311_45789.png
specialised,1,583,,dog,cat,90,0583_ps_dnn_90_cat_10_n02124075_11983.png
specialised,1,584,,cat,cat,90,0584_ps_dnn_90_cat_10_n02125311_6283.png
specialised,1,585,,cat,cat,90,0585_ps_dnn_90_cat_10_n02124075_20891.png
specialised,1,586,,cat,cat,90,0586_ps_dnn_90_cat_10_n02124075_5526.png
specialised,1,587,,cat,cat,90,0587_ps_dnn_90_cat_10_n02124075_2675.png
specialised,1,588,,elephant,cat,90,0588_ps_dnn_90_cat_10_n02123045_2722.png
specialised,1,589,,cat,cat,90,0589_ps_dnn_90_cat_10_n02123394_832.png
specialised,1,590,,cat,cat,90,0590_ps_dnn_90_cat_10_n02123394_7698.png
specialised,1,591,,chair,bottle,90,0591_ps_dnn_90_bottle_10_n04560804_30628.png
specialised,1,592,,bottle,bottle,90,0592_ps_dnn_90_bottle_10_n03983396_5632.png
specialised,1,593,,bottle,bottle,90,0593_ps_dnn_90_bottle_10_n03937543_11379.png
specialised,1,594,,bottle,bottle,90,0594_ps_dnn_90_bottle_10_n04560804_15559.png
specialised,1,595,,bottle,bottle,90,0595_ps_dnn_90_bottle_10_n04560804_3688.png
specialised,1,596,,chair,bottle,90,0596_ps_dnn_90_bottle_10_n02823428_4193.png
specialised,1,597,,bottle,bottle,90,0597_ps_dnn_90_bottle_10_n04579145_159.png
specialised,1,598,,bottle,bottle,90,0598_ps_dnn_90_bottle_10_n02823428_641.png
specialised,1,599,,bottle,bottle,90,0599_ps_dnn_90_bottle_10_n03983396_2277.png
specialised,1,600,,bottle,bottle,90,0600_ps_dnn_90_bottle_10_n03937543_3306.png
specialised,1,601,,boat,truck,90,0601_ps_dnn_90_truck_10_n04467665_80493.png
specialised,1,602,,truck,truck,90,0602_ps_dnn_90_truck_10_n04467665_61792.png
specialised,1,603,,truck,truck,90,0603_ps_dnn_90_truck_10_n03417042_10957.png
specialised,1,604,,truck,truck,90,0604_ps_dnn_90_truck_10_n03417042_2603.png
specialised,1,605,,truck,truck,90,0605_ps_dnn_90_truck_10_n03417042_10121.png
specialised,1,606,,airplane,truck,90,0606_ps_dnn_90_truck_10_n03417042_19020.png
specialised,1,607,,truck,truck,90,0607_ps_dnn_90_truck_10_n03417042_6272.png
specialised,1,608,,truck,truck,90,0608_ps_dnn_90_truck_10_n03796401_3250.png
specialised,1,609,,truck,truck,90,0609_ps_dnn_90_truck_10_n04467665_51267.png
specialised,1,610,,truck,truck,90,0610_ps_dnn_90_truck_10_n03417042_7764.png
specialised,1,611,,car,car,90,0611_ps_dnn_90_car_10_n04285008_7924.png
specialised,1,612,,car,car,90,0612_ps_dnn_90_car_10_n02814533_12348.png
specialised,1,613,,car,car,90,0613_ps_dnn_90_car_10_n02814533_60889.png
specialised,1,614,,airplane,car,90,0614_ps_dnn_90_car_10_n04285008_7610.png
specialised,1,615,,car,car,90,0615_ps_dnn_90_car_10_n03100240_1236.png
specialised,1,616,,car,car,90,0616_ps_dnn_90_car_10_n03100240_209.png
specialised,1,617,,car,car,90,0617_ps_dnn_90_car_10_n04285008_9211.png
specialised,1,618,,car,car,90,0618_ps_dnn_90_car_10_n03100240_6797.png
specialised,1,619,,car,car,90,0619_ps_dnn_90_car_10_n02814533_65555.png
specialised,1,620,,car,car,90,0620_ps_dnn_90_car_10_n03100240_17555.png
specialised,1,621,,bird,bird,90,0621_ps_dnn_90_bird_10_n01514859_7276.png
specialised,1,622,,bird,bird,90,0622_ps_dnn_90_bird_10_n02018207_1645.png
specialised,1,623,,bird,bird,90,0623_ps_dnn_90_bird_10_n01534433_22825.png
specialised,1,624,,bird,bird,90,0624_ps_dnn_90_bird_10_n02009229_576.png
specialised,1,625,,bird,bird,90,0625_ps_dnn_90_bird_10_n02013706_6715.png
specialised,1,626,,bird,bird,90,0626_ps_dnn_90_bird_10_n02018207_13136.png
specialised,1,627,,bird,bird,90,0627_ps_dnn_90_bird_10_n01818515_1617.png
specialised,1,628,,bird,bird,90,0628_ps_dnn_90_bird_10_n01824575_3677.png
specialised,1,629,,bird,bird,90,0629_ps_dnn_90_bird_10_n02027492_8055.png
specialised,1,630,,bicycle,bird,90,0630_ps_dnn_90_bird_10_n02025239_21760.png
specialised,1,631,,dog,dog,90,0631_ps_dnn_90_dog_10_n02105251_12948.png
specialised,1,632,,bear,dog,90,0632_ps_dnn_90_dog_10_n02104029_4789.png
specialised,1,633,,dog,dog,90,0633_ps_dnn_90_dog_10_n02092002_492.png
specialised,1,634,,knife,dog,90,0634_ps_dnn_90_dog_10_n02092339_6638.png
specialised,1,635,,elephant,dog,90,0635_ps_dnn_90_dog_10_n02106382_1215.png
specialised,1,636,,bicycle,dog,90,0636_ps_dnn_90_dog_10_n02088466_8325.png
specialised,1,637,,bird,dog,90,0637_ps_dnn_90_dog_10_n02096294_8781.png
specialised,1,638,,dog,dog,90,0638_ps_dnn_90_dog_10_n02100877_22450.png
specialised,1,639,,bird,dog,90,0639_ps_dnn_90_dog_10_n02090379_5516.png
specialised,1,640,,bird,dog,90,0640_ps_dnn_90_dog_10_n02099849_1741.png
specialised,1,641,,knife,knife,120,0641_ps_dnn_120_knife_10_n03041632_29343.png
specialised,1,642,,knife,knife,120,0642_ps_dnn_120_knife_10_n03041632_41077.png
specialised,1,643,,knife,knife,120,0643_ps_dnn_120_knife_10_n03041632_35365.png
specialised,1,644,,chair,knife,120,0644_ps_dnn_120_knife_10_n03041632_25656.png
specialised,1,645,,dog,knife,120,0645_ps_dnn_120_knife_10_n03041632_29920.png
specialised,1,646,,knife,knife,120,0646_ps_dnn_120_knife_10_n03041632_9580.png
specialised,1,647,,knife,knife,120,0647_ps_dnn_120_knife_10_n03041632_47703.png
specialised,1,648,,bicycle,knife,120,0648_ps_dnn_120_knife_10_n03041632_91967.png
specialised,1,649,,airplane,knife,120,0649_ps_dnn_120_knife_10_n03041632_20517.png
specialised,1,650,,knife,knife,120,0650_ps_dnn_120_knife_10_n03041632_8540.png
specialised,1,651,,boat,keyboard,120,0651_ps_dnn_120_keyboard_10_n04505470_10705.png
specialised,1,652,,keyboard,keyboard,120,0652_ps_dnn_120_keyboard_10_n03085013_3666.png
specialised,1,653,,keyboard,keyboard,120,0653_ps_dnn_120_keyboard_10_n04505470_4068.png
specialised,1,654,,keyboard,keyboard,120,0654_ps_dnn_120_keyboard_10_n03085013_9475.png
specialised,1,655,,keyboard,keyboard,120,0655_ps_dnn_120_keyboard_10_n03085013_2508.png
specialised,1,656,,keyboard,keyboard,120,0656_ps_dnn_120_keyboard_10_n03085013_24306.png
specialised,1,657,,keyboard,keyboard,120,0657_ps_dnn_120_keyboard_10_n04505470_2972.png
specialised,1,658,,keyboard,keyboard,120,0658_ps_dnn_120_keyboard_10_n03085013_23619.png
specialised,1,659,,chair,keyboard,120,0659_ps_dnn_120_keyboard_10_n03085013_24061.png
specialised,1,660,,cat,keyboard,120,0660_ps_dnn_120_keyboard_10_n03085013_18851.png
specialised,1,661,,elephant,elephant,120,0661_ps_dnn_120_elephant_10_n02504013_3409.png
specialised,1,662,,elephant,elephant,120,0662_ps_dnn_120_elephant_10_n02504458_7777.png
specialised,1,663,,elephant,elephant,120,0663_ps_dnn_120_elephant_10_n02504013_2033.png
specialised,1,664,,elephant,elephant,120,0664_ps_dnn_120_elephant_10_n02504458_5788.png
specialised,1,665,,oven,elephant,120,0665_ps_dnn_120_elephant_10_n02504458_11772.png
specialised,1,666,,elephant,elephant,120,0666_ps_dnn_120_elephant_10_n02504013_1574.png
specialised,1,667,,elephant,elephant,120,0667_ps_dnn_120_elephant_10_n02504458_1347.png
specialised,1,668,,elephant,elephant,120,0668_ps_dnn_120_elephant_10_n02504013_828.png
specialised,1,669,,elephant,elephant,120,0669_ps_dnn_120_elephant_10_n02504458_4143.png
specialised,1,670,,elephant,elephant,120,0670_ps_dnn_120_elephant_10_n02504458_7130.png
specialised,1,671,,bicycle,bicycle,120,0671_ps_dnn_120_bicycle_10_n02835271_2580.png
specialised,1,672,,bicycle,bicycle,120,0672_ps_dnn_120_bicycle_10_n03792782_1108.png
specialised,1,673,,bicycle,bicycle,120,0673_ps_dnn_120_bicycle_10_n02835271_12346.png
specialised,1,674,,bicycle,bicycle,120,0674_ps_dnn_120_bicycle_10_n03792782_15138.png
specialised,1,675,,bicycle,bicycle,120,0675_ps_dnn_120_bicycle_10_n02835271_3732.png
specialised,1,676,,truck,bicycle,120,0676_ps_dnn_120_bicycle_10_n02835271_2815.png
specialised,1,677,,bicycle,bicycle,120,0677_ps_dnn_120_bicycle_10_n03792782_2649.png
specialised,1,678,,bicycle,bicycle,120,0678_ps_dnn_120_bicycle_10_n02835271_7828.png
specialised,1,679,,bicycle,bicycle,120,0679_ps_dnn_120_bicycle_10_n02835271_4379.png
specialised,1,680,,bicycle,bicycle,120,0680_ps_dnn_120_bicycle_10_n03792782_34197.png
specialised,1,681,,airplane,airplane,120,0681_ps_dnn_120_airplane_10_n02690373_1996.png
specialised,1,682,,boat,airplane,120,0682_ps_dnn_120_airplane_10_n02690373_19286.png
specialised,1,683,,airplane,airplane,120,0683_ps_dnn_120_airplane_10_n02690373_3984.png
specialised,1,684,,airplane,airplane,120,0684_ps_dnn_120_airplane_10_n02690373_15392.png
specialised,1,685,,airplane,airplane,120,0685_ps_dnn_120_airplane_10_n02690373_4893.png
specialised,1,686,,airplane,airplane,120,0686_ps_dnn_120_airplane_10_n02690373_3074.png
specialised,1,687,,airplane,airplane,120,0687_ps_dnn_120_airplane_10_n02690373_10203.png
specialised,1,688,,airplane,airplane,120,0688_ps_dnn_120_airplane_10_n02690373_10112.png
specialised,1,689,,airplane,airplane,120,0689_ps_dnn_120_airplane_10_n02690373_4294.png
specialised,1,690,,airplane,airplane,120,0690_ps_dnn_120_airplane_10_n02690373_12984.png
specialised,1,691,,clock,clock,120,0691_ps_dnn_120_clock_10_n03196217_5845.png
specialised,1,692,,chair,clock,120,0692_ps_dnn_120_clock_10_n02708093_7122.png
specialised,1,693,,clock,clock,120,0693_ps_dnn_120_clock_10_n04548280_22406.png
specialised,1,694,,clock,clock,120,0694_ps_dnn_120_clock_10_n04548280_503.png
specialised,1,695,,knife,clock,120,0695_ps_dnn_120_clock_10_n03196217_4019.png
specialised,1,696,,clock,clock,120,0696_ps_dnn_120_clock_10_n04548280_549.png
specialised,1,697,,clock,clock,120,0697_ps_dnn_120_clock_10_n04548280_7211.png
specialised,1,698,,clock,clock,120,0698_ps_dnn_120_clock_10_n04548280_8357.png
specialised,1,699,,clock,clock,120,0699_ps_dnn_120_clock_10_n02708093_3595.png
specialised,1,700,,clock,clock,120,0700_ps_dnn_120_clock_10_n04548280_8510.png
specialised,1,701,,oven,oven,120,0701_ps_dnn_120_oven_10_n04111531_4959.png
specialised,1,702,,oven,oven,120,0702_ps_dnn_120_oven_10_n04111531_7338.png
specialised,1,703,,oven,oven,120,0703_ps_dnn_120_oven_10_n04111531_3181.png
specialised,1,704,,oven,oven,120,0704_ps_dnn_120_oven_10_n04111531_9429.png
specialised,1,705,,keyboard,oven,120,0705_ps_dnn_120_oven_10_n04111531_8553.png
specialised,1,706,,chair,oven,120,0706_ps_dnn_120_oven_10_n04111531_13255.png
specialised,1,707,,bicycle,oven,120,0707_ps_dnn_120_oven_10_n04111531_8988.png
specialised,1,708,,keyboard,oven,120,0708_ps_dnn_120_oven_10_n04111531_3671.png
specialised,1,709,,oven,oven,120,0709_ps_dnn_120_oven_10_n04111531_249.png
specialised,1,710,,oven,oven,120,0710_ps_dnn_120_oven_10_n04111531_9308.png
specialised,1,711,,chair,chair,120,0711_ps_dnn_120_chair_10_n03376595_7010.png
specialised,1,712,,bottle,chair,120,0712_ps_dnn_120_chair_10_n03376595_3166.png
specialised,1,713,,chair,chair,120,0713_ps_dnn_120_chair_10_n02791124_1248.png
specialised,1,714,,cat,chair,120,0714_ps_dnn_120_chair_10_n04429376_19241.png
specialised,1,715,,chair,chair,120,0715_ps_dnn_120_chair_10_n02791124_1888.png
specialised,1,716,,chair,chair,120,0716_ps_dnn_120_chair_10_n02791124_9967.png
specialised,1,717,,chair,chair,120,0717_ps_dnn_120_chair_10_n03376595_17093.png
specialised,1,718,,chair,chair,120,0718_ps_dnn_120_chair_10_n04429376_19717.png
specialised,1,719,,chair,chair,120,0719_ps_dnn_120_chair_10_n04099969_38476.png
specialised,1,720,,chair,chair,120,0720_ps_dnn_120_chair_10_n02791124_2972.png
specialised,1,721,,bear,bear,120,0721_ps_dnn_120_bear_10_n02134084_35010.png
specialised,1,722,,bear,bear,120,0722_ps_dnn_120_bear_10_n02134084_4612.png
specialised,1,723,,bear,bear,120,0723_ps_dnn_120_bear_10_n02134418_9829.png
specialised,1,724,,bear,bear,120,0724_ps_dnn_120_bear_10_n02134084_40088.png
specialised,1,725,,bear,bear,120,0725_ps_dnn_120_bear_10_n02132136_416.png
specialised,1,726,,bear,bear,120,0726_ps_dnn_120_bear_10_n02132136_2828.png
specialised,1,727,,bear,bear,120,0727_ps_dnn_120_bear_10_n02134084_2069.png
specialised,1,728,,dog,bear,120,0728_ps_dnn_120_bear_10_n02134418_2582.png
specialised,1,729,,dog,bear,120,0729_ps_dnn_120_bear_10_n02134084_3569.png
specialised,1,730,,bear,bear,120,0730_ps_dnn_120_bear_10_n02134418_4603.png
specialised,1,731,,boat,boat,120,0731_ps_dnn_120_boat_10_n04273569_10668.png
specialised,1,732,,boat,boat,120,0732_ps_dnn_120_boat_10_n03344393_2410.png
specialised,1,733,,boat,boat,120,0733_ps_dnn_120_boat_10_n03344393_5923.png
specialised,1,734,,boat,boat,120,0734_ps_dnn_120_boat_10_n04273569_5794.png
specialised,1,735,,boat,boat,120,0735_ps_dnn_120_boat_10_n04273569_32209.png
specialised,1,736,,boat,boat,120,0736_ps_dnn_120_boat_10_n04612504_24342.png
specialised,1,737,,boat,boat,120,0737_ps_dnn_120_boat_10_n04612504_20553.png
specialised,1,738,,bear,boat,120,0738_ps_dnn_120_boat_10_n03344393_2879.png
specialised,1,739,,boat,boat,120,0739_ps_dnn_120_boat_10_n04612504_5434.png
specialised,1,740,,boat,boat,120,0740_ps_dnn_120_boat_10_n03344393_5231.png
specialised,1,741,,cat,cat,120,0741_ps_dnn_120_cat_10_n02123394_1996.png
specialised,1,742,,elephant,cat,120,0742_ps_dnn_120_cat_10_n02123597_7798.png
specialised,1,743,,bottle,cat,120,0743_ps_dnn_120_cat_10_n02124075_19379.png
specialised,1,744,,elephant,cat,120,0744_ps_dnn_120_cat_10_n02123394_6363.png
specialised,1,745,,dog,cat,120,0745_ps_dnn_120_cat_10_n02123159_5444.png
specialised,1,746,,cat,cat,120,0746_ps_dnn_120_cat_10_n02125311_17212.png
specialised,1,747,,cat,cat,120,0747_ps_dnn_120_cat_10_n02123394_2496.png
specialised,1,748,,dog,cat,120,0748_ps_dnn_120_cat_10_n02123394_724.png
specialised,1,749,,cat,cat,120,0749_ps_dnn_120_cat_10_n02125311_20206.png
specialised,1,750,,cat,cat,120,0750_ps_dnn_120_cat_10_n02123159_4879.png
specialised,1,751,,bottle,bottle,120,0751_ps_dnn_120_bottle_10_n04591713_7164.png
specialised,1,752,,bottle,bottle,120,0752_ps_dnn_120_bottle_10_n04579145_310.png
specialised,1,753,,clock,bottle,120,0753_ps_dnn_120_bottle_10_n03983396_2053.png
specialised,1,754,,bottle,bottle,120,0754_ps_dnn_120_bottle_10_n03983396_11539.png
specialised,1,755,,bottle,bottle,120,0755_ps_dnn_120_bottle_10_n04591713_5560.png
specialised,1,756,,oven,bottle,120,0756_ps_dnn_120_bottle_10_n03983396_11715.png
specialised,1,757,,bottle,bottle,120,0757_ps_dnn_120_bottle_10_n04557648_3989.png
specialised,1,758,,bottle,bottle,120,0758_ps_dnn_120_bottle_10_n02823428_3362.png
specialised,1,759,,bottle,bottle,120,0759_ps_dnn_120_bottle_10_n03937543_129.png
specialised,1,760,,oven,bottle,120,0760_ps_dnn_120_bottle_10_n03983396_1769.png
specialised,1,761,,boat,truck,120,0761_ps_dnn_120_truck_10_n03417042_9592.png
specialised,1,762,,truck,truck,120,0762_ps_dnn_120_truck_10_n04467665_6268.png
specialised,1,763,,truck,truck,120,0763_ps_dnn_120_truck_10_n03417042_19650.png
specialised,1,764,,truck,truck,120,0764_ps_dnn_120_truck_10_n03417042_924.png
specialised,1,765,,truck,truck,120,0765_ps_dnn_120_truck_10_n03796401_8351.png
specialised,1,766,,truck,truck,120,0766_ps_dnn_120_truck_10_n03417042_3466.png
specialised,1,767,,boat,truck,120,0767_ps_dnn_120_truck_10_n03417042_21270.png
specialised,1,768,,truck,truck,120,0768_ps_dnn_120_truck_10_n04467665_4782.png
specialised,1,769,,truck,truck,120,0769_ps_dnn_120_truck_10_n04467665_32090.png
specialised,1,770,,bicycle,truck,120,0770_ps_dnn_120_truck_10_n04467665_14142.png
specialised,1,771,,car,car,120,0771_ps_dnn_120_car_10_n03100240_17966.png
specialised,1,772,,car,car,120,0772_ps_dnn_120_car_10_n02814533_12126.png
specialised,1,773,,truck,car,120,0773_ps_dnn_120_car_10_n04285008_7781.png
specialised,1,774,,car,car,120,0774_ps_dnn_120_car_10_n02814533_31567.png
specialised,1,775,,truck,car,120,0775_ps_dnn_120_car_10_n02814533_1594.png
specialised,1,776,,car,car,120,0776_ps_dnn_120_car_10_n02814533_46401.png
specialised,1,777,,car,car,120,0777_ps_dnn_120_car_10_n04285008_7198.png
specialised,1,778,,car,car,120,0778_ps_dnn_120_car_10_n04285008_12589.png
specialised,1,779,,car,car,120,0779_ps_dnn_120_car_10_n04285008_7375.png
specialised,1,780,,truck,car,120,0780_ps_dnn_120_car_10_n02814533_3121.png
specialised,1,781,,bird,bird,120,0781_ps_dnn_120_bird_10_n02051845_6244.png
specialised,1,782,,bird,bird,120,0782_ps_dnn_120_bird_10_n02025239_730.png
specialised,1,783,,bird,bird,120,0783_ps_dnn_120_bird_10_n02037110_2251.png
specialised,1,784,,bottle,bird,120,0784_ps_dnn_120_bird_10_n01855672_1994.png
specialised,1,785,,bear,bird,120,0785_ps_dnn_120_bird_10_n01820546_5290.png
specialised,1,786,,bird,bird,120,0786_ps_dnn_120_bird_10_n02018207_1604.png
specialised,1,787,,elephant,bird,120,0787_ps_dnn_120_bird_10_n02002556_20061.png
specialised,1,788,,bird,bird,120,0788_ps_dnn_120_bird_10_n01534433_4455.png
specialised,1,789,,bird,bird,120,0789_ps_dnn_120_bird_10_n02025239_7703.png
specialised,1,790,,bird,bird,120,0790_ps_dnn_120_bird_10_n02002724_6157.png
specialised,1,791,,cat,dog,120,0791_ps_dnn_120_dog_10_n02086240_4142.png
specialised,1,792,,bird,dog,120,0792_ps_dnn_120_dog_10_n02097474_5688.png
specialised,1,793,,chair,dog,120,0793_ps_dnn_120_dog_10_n02111129_637.png
specialised,1,794,,boat,dog,120,0794_ps_dnn_120_dog_10_n02106166_20828.png
specialised,1,795,,oven,dog,120,0795_ps_dnn_120_dog_10_n02095314_5949.png
specialised,1,796,,dog,dog,120,0796_ps_dnn_120_dog_10_n02102040_3978.png
specialised,1,797,,dog,dog,120,0797_ps_dnn_120_dog_10_n02086240_3954.png
specialised,1,798,,dog,dog,120,0798_ps_dnn_120_dog_10_n02088238_7336.png
specialised,1,799,,bird,dog,120,0799_ps_dnn_120_dog_10_n02087394_2278.png
specialised,1,800,,dog,dog,120,0800_ps_dnn_120_dog_10_n02085936_8929.png
specialised,1,801,,chair,knife,150,0801_ps_dnn_150_knife_10_n03041632_9302.png
specialised,1,802,,bottle,knife,150,0802_ps_dnn_150_knife_10_n03041632_13108.png
specialised,1,803,,dog,knife,150,0803_ps_dnn_150_knife_10_n03041632_16932.png
specialised,1,804,,bird,knife,150,0804_ps_dnn_150_knife_10_n03041632_87380.png
specialised,1,805,,boat,knife,150,0805_ps_dnn_150_knife_10_n03041632_3101.png
specialised,1,806,,bottle,knife,150,0806_ps_dnn_150_knife_10_n03041632_84086.png
specialised,1,807,,bear,knife,150,0807_ps_dnn_150_knife_10_n03041632_32004.png
specialised,1,808,,knife,knife,150,0808_ps_dnn_150_knife_10_n03041632_13203.png
specialised,1,809,,knife,knife,150,0809_ps_dnn_150_knife_10_n03041632_120.png
specialised,1,810,,bottle,knife,150,0810_ps_dnn_150_knife_10_n03041632_7448.png
specialised,1,811,,chair,keyboard,150,0811_ps_dnn_150_keyboard_10_n04505470_1371.png
specialised,1,812,,keyboard,keyboard,150,0812_ps_dnn_150_keyboard_10_n03085013_3148.png
specialised,1,813,,keyboard,keyboard,150,0813_ps_dnn_150_keyboard_10_n03085013_32137.png
specialised,1,814,,cat,keyboard,150,0814_ps_dnn_150_keyboard_10_n03085013_20753.png
specialised,1,815,,bottle,keyboard,150,0815_ps_dnn_150_keyboard_10_n03085013_18876.png
specialised,1,816,,keyboard,keyboard,150,0816_ps_dnn_150_keyboard_10_n04505470_4974.png
specialised,1,817,,keyboard,keyboard,150,0817_ps_dnn_150_keyboard_10_n04505470_4414.png
specialised,1,818,,keyboard,keyboard,150,0818_ps_dnn_150_keyboard_10_n04505470_4710.png
specialised,1,819,,keyboard,keyboard,150,0819_ps_dnn_150_keyboard_10_n04505470_4033.png
specialised,1,820,,keyboard,keyboard,150,0820_ps_dnn_150_keyboard_10_n03085013_28584.png
specialised,1,821,,elephant,elephant,150,0821_ps_dnn_150_elephant_10_n02504458_5839.png
specialised,1,822,,elephant,elephant,150,0822_ps_dnn_150_elephant_10_n02504458_6433.png
specialised,1,823,,elephant,elephant,150,0823_ps_dnn_150_elephant_10_n02504458_1996.png
specialised,1,824,,bicycle,elephant,150,0824_ps_dnn_150_elephant_10_n02504013_22813.png
specialised,1,825,,elephant,elephant,150,0825_ps_dnn_150_elephant_10_n02504013_593.png
specialised,1,826,,truck,elephant,150,0826_ps_dnn_150_elephant_10_n02504013_2619.png
specialised,1,827,,elephant,elephant,150,0827_ps_dnn_150_elephant_10_n02504458_4883.png
specialised,1,828,,dog,elephant,150,0828_ps_dnn_150_elephant_10_n02504013_5027.png
specialised,1,829,,elephant,elephant,150,0829_ps_dnn_150_elephant_10_n02504458_5444.png
specialised,1,830,,elephant,elephant,150,0830_ps_dnn_150_elephant_10_n02504458_7359.png
specialised,1,831,,bicycle,bicycle,150,0831_ps_dnn_150_bicycle_10_n03792782_1412.png
specialised,1,832,,bicycle,bicycle,150,0832_ps_dnn_150_bicycle_10_n02835271_478.png
specialised,1,833,,bicycle,bicycle,150,0833_ps_dnn_150_bicycle_10_n02835271_18453.png
specialised,1,834,,bicycle,bicycle,150,0834_ps_dnn_150_bicycle_10_n02835271_23430.png
specialised,1,835,,bird,bicycle,150,0835_ps_dnn_150_bicycle_10_n02835271_7594.png
specialised,1,836,,chair,bicycle,150,0836_ps_dnn_150_bicycle_10_n02835271_12852.png
specialised,1,837,,bicycle,bicycle,150,0837_ps_dnn_150_bicycle_10_n02835271_13256.png
specialised,1,838,,bicycle,bicycle,150,0838_ps_dnn_150_bicycle_10_n03792782_30246.png
specialised,1,839,,bicycle,bicycle,150,0839_ps_dnn_150_bicycle_10_n03792782_6413.png
specialised,1,840,,bicycle,bicycle,150,0840_ps_dnn_150_bicycle_10_n03792782_11115.png
specialised,1,841,,airplane,airplane,150,0841_ps_dnn_150_airplane_10_n02690373_2147.png
specialised,1,842,,knife,airplane,150,0842_ps_dnn_150_airplane_10_n02690373_3775.png
specialised,1,843,,airplane,airplane,150,0843_ps_dnn_150_airplane_10_n02690373_9680.png
specialised,1,844,,airplane,airplane,150,0844_ps_dnn_150_airplane_10_n02690373_8754.png
specialised,1,845,,airplane,airplane,150,0845_ps_dnn_150_airplane_10_n02690373_2837.png
specialised,1,846,,bird,airplane,150,0846_ps_dnn_150_airplane_10_n02690373_17722.png
specialised,1,847,,airplane,airplane,150,0847_ps_dnn_150_airplane_10_n02690373_2952.png
specialised,1,848,,airplane,airplane,150,0848_ps_dnn_150_airplane_10_n02690373_4866.png
specialised,1,849,,knife,airplane,150,0849_ps_dnn_150_airplane_10_n02690373_9293.png
specialised,1,850,,airplane,airplane,150,0850_ps_dnn_150_airplane_10_n02690373_16620.png
specialised,1,851,,keyboard,clock,150,0851_ps_dnn_150_clock_10_n02708093_92.png
specialised,1,852,,oven,clock,150,0852_ps_dnn_150_clock_10_n03196217_6511.png
specialised,1,853,,clock,clock,150,0853_ps_dnn_150_clock_10_n04548280_4511.png
specialised,1,854,,clock,clock,150,0854_ps_dnn_150_clock_10_n04548280_9816.png
specialised,1,855,,clock,clock,150,0855_ps_dnn_150_clock_10_n04548280_4995.png
specialised,1,856,,clock,clock,150,0856_ps_dnn_150_clock_10_n02708093_7006.png
specialised,1,857,,chair,clock,150,0857_ps_dnn_150_clock_10_n04548280_386.png
specialised,1,858,,oven,clock,150,0858_ps_dnn_150_clock_10_n02708093_910.png
specialised,1,859,,cat,clock,150,0859_ps_dnn_150_clock_10_n02708093_1281.png
specialised,1,860,,bicycle,clock,150,0860_ps_dnn_150_clock_10_n04548280_7733.png
specialised,1,861,,truck,oven,150,0861_ps_dnn_150_oven_10_n04111531_21931.png
specialised,1,862,,oven,oven,150,0862_ps_dnn_150_oven_10_n04111531_4146.png
specialised,1,863,,chair,oven,150,0863_ps_dnn_150_oven_10_n04111531_409.png
specialised,1,864,,bicycle,oven,150,0864_ps_dnn_150_oven_10_n04111531_2797.png
specialised,1,865,,bicycle,oven,150,0865_ps_dnn_150_oven_10_n04111531_7134.png
specialised,1,866,,truck,oven,150,0866_ps_dnn_150_oven_10_n04111531_3977.png
specialised,1,867,,boat,oven,150,0867_ps_dnn_150_oven_10_n04111531_14095.png
specialised,1,868,,elephant,oven,150,0868_ps_dnn_150_oven_10_n04111531_3955.png
specialised,1,869,,dog,oven,150,0869_ps_dnn_150_oven_10_n04111531_22386.png
specialised,1,870,,oven,oven,150,0870_ps_dnn_150_oven_10_n04111531_10358.png
specialised,1,871,,chair,chair,150,0871_ps_dnn_150_chair_10_n04429376_9039.png
specialised,1,872,,keyboard,chair,150,0872_ps_dnn_150_chair_10_n04429376_7902.png
specialised,1,873,,clock,chair,150,0873_ps_dnn_150_chair_10_n04099969_3430.png
specialised,1,874,,chair,chair,150,0874_ps_dnn_150_chair_10_n04429376_27939.png
specialised,1,875,,keyboard,chair,150,0875_ps_dnn_150_chair_10_n03376595_2512.png
specialised,1,876,,keyboard,chair,150,0876_ps_dnn_150_chair_10_n03376595_9165.png
specialised,1,877,,bicycle,chair,150,0877_ps_dnn_150_chair_10_n03376595_10569.png
specialised,1,878,,bicycle,chair,150,0878_ps_dnn_150_chair_10_n04429376_8751.png
specialised,1,879,,truck,chair,150,0879_ps_dnn_150_chair_10_n04099969_22118.png
specialised,1,880,,chair,chair,150,0880_ps_dnn_150_chair_10_n04429376_28372.png
specialised,1,881,,boat,bear,150,0881_ps_dnn_150_bear_10_n02133161_8200.png
specialised,1,882,,bear,bear,150,0882_ps_dnn_150_bear_10_n02134084_1730.png
specialised,1,883,,bear,bear,150,0883_ps_dnn_150_bear_10_n02134418_3351.png
specialised,1,884,,elephant,bear,150,0884_ps_dnn_150_bear_10_n02133161_1853.png
specialised,1,885,,bear,bear,150,0885_ps_dnn_150_bear_10_n02134084_4581.png
specialised,1,886,,oven,bear,150,0886_ps_dnn_150_bear_10_n02133161_4354.png
specialised,1,887,,bear,bear,150,0887_ps_dnn_150_bear_10_n02134418_1094.png
specialised,1,888,,bird,bear,150,0888_ps_dnn_150_bear_10_n02134418_3076.png
specialised,1,889,,bicycle,bear,150,0889_ps_dnn_150_bear_10_n02133161_12878.png
specialised,1,890,,elephant,bear,150,0890_ps_dnn_150_bear_10_n02134418_5827.png
specialised,1,891,,boat,boat,150,0891_ps_dnn_150_boat_10_n03662601_21969.png
specialised,1,892,,boat,boat,150,0892_ps_dnn_150_boat_10_n02951358_14915.png
specialised,1,893,,boat,boat,150,0893_ps_dnn_150_boat_10_n03344393_8599.png
specialised,1,894,,car,boat,150,0894_ps_dnn_150_boat_10_n02951358_996.png
specialised,1,895,,boat,boat,150,0895_ps_dnn_150_boat_10_n03344393_9528.png
specialised,1,896,,boat,boat,150,0896_ps_dnn_150_boat_10_n03662601_4665.png
specialised,1,897,,boat,boat,150,0897_ps_dnn_150_boat_10_n03662601_21704.png
specialised,1,898,,boat,boat,150,0898_ps_dnn_150_boat_10_n04612504_7652.png
specialised,1,899,,boat,boat,150,0899_ps_dnn_150_boat_10_n03662601_1565.png
specialised,1,900,,boat,boat,150,0900_ps_dnn_150_boat_10_n03662601_17492.png
specialised,1,901,,bicycle,cat,150,0901_ps_dnn_150_cat_10_n02123159_4106.png
specialised,1,902,,bird,cat,150,0902_ps_dnn_150_cat_10_n02124075_4165.png
specialised,1,903,,dog,cat,150,0903_ps_dnn_150_cat_10_n02124075_11762.png
specialised,1,904,,bear,cat,150,0904_ps_dnn_150_cat_10_n02125311_31647.png
specialised,1,905,,dog,cat,150,0905_ps_dnn_150_cat_10_n02123394_2467.png
specialised,1,906,,dog,cat,150,0906_ps_dnn_150_cat_10_n02123159_1231.png
specialised,1,907,,cat,cat,150,0907_ps_dnn_150_cat_10_n02123045_6704.png
specialised,1,908,,dog,cat,150,0908_ps_dnn_150_cat_10_n02123394_8164.png
specialised,1,909,,cat,cat,150,0909_ps_dnn_150_cat_10_n02123597_8588.png
specialised,1,910,,cat,cat,150,0910_ps_dnn_150_cat_10_n02123045_4452.png
specialised,1,911,,bottle,bottle,150,0911_ps_dnn_150_bottle_10_n04557648_4009.png
specialised,1,912,,chair,bottle,150,0912_ps_dnn_150_bottle_10_n02823428_13131.png
specialised,1,913,,bicycle,bottle,150,0913_ps_dnn_150_bottle_10_n02823428_6928.png
specialised,1,914,,bicycle,bottle,150,0914_ps_dnn_150_bottle_10_n02823428_880.png
specialised,1,915,,elephant,bottle,150,0915_ps_dnn_150_bottle_10_n04560804_13141.png
specialised,1,916,,bottle,bottle,150,0916_ps_dnn_150_bottle_10_n02823428_4139.png
specialised,1,917,,boat,bottle,150,0917_ps_dnn_150_bottle_10_n04560804_24278.png
specialised,1,918,,bottle,bottle,150,0918_ps_dnn_150_bottle_10_n02823428_2463.png
specialised,1,919,,bottle,bottle,150,0919_ps_dnn_150_bottle_10_n03983396_12449.png
specialised,1,920,,elephant,bottle,150,0920_ps_dnn_150_bottle_10_n04557648_8485.png
specialised,1,921,,keyboard,truck,150,0921_ps_dnn_150_truck_10_n03417042_7997.png
specialised,1,922,,truck,truck,150,0922_ps_dnn_150_truck_10_n04467665_31090.png
specialised,1,923,,airplane,truck,150,0923_ps_dnn_150_truck_10_n04467665_71305.png
specialised,1,924,,elephant,truck,150,0924_ps_dnn_150_truck_10_n03417042_14037.png
specialised,1,925,,boat,truck,150,0925_ps_dnn_150_truck_10_n03417042_3698.png
specialised,1,926,,car,truck,150,0926_ps_dnn_150_truck_10_n03417042_7599.png
specialised,1,927,,cat,truck,150,0927_ps_dnn_150_truck_10_n03417042_4258.png
specialised,1,928,,truck,truck,150,0928_ps_dnn_150_truck_10_n04467665_3433.png
specialised,1,929,,bicycle,truck,150,0929_ps_dnn_150_truck_10_n03417042_908.png
specialised,1,930,,airplane,truck,150,0930_ps_dnn_150_truck_10_n04467665_39237.png
specialised,1,931,,car,car,150,0931_ps_dnn_150_car_10_n03100240_2319.png
specialised,1,932,,car,car,150,0932_ps_dnn_150_car_10_n04285008_12543.png
specialised,1,933,,airplane,car,150,0933_ps_dnn_150_car_10_n04285008_8831.png
specialised,1,934,,bicycle,car,150,0934_ps_dnn_150_car_10_n03100240_6173.png
specialised,1,935,,car,car,150,0935_ps_dnn_150_car_10_n04285008_2789.png
specialised,1,936,,car,car,150,0936_ps_dnn_150_car_10_n04285008_7503.png
specialised,1,937,,car,car,150,0937_ps_dnn_150_car_10_n02814533_26657.png
specialised,1,938,,truck,car,150,0938_ps_dnn_150_car_10_n03100240_21569.png
specialised,1,939,,car,car,150,0939_ps_dnn_150_car_10_n02814533_43868.png
specialised,1,940,,car,car,150,0940_ps_dnn_150_car_10_n03100240_21884.png
specialised,1,941,,bird,bird,150,0941_ps_dnn_150_bird_10_n02002724_18695.png
specialised,1,942,,oven,bird,150,0942_ps_dnn_150_bird_10_n02007558_20918.png
specialised,1,943,,bicycle,bird,150,0943_ps_dnn_150_bird_10_n02017213_3039.png
specialised,1,944,,bear,bird,150,0944_ps_dnn_150_bird_10_n02017213_1.png
specialised,1,945,,boat,bird,150,0945_ps_dnn_150_bird_10_n02006656_2810.png
specialised,1,946,,bird,bird,150,0946_ps_dnn_150_bird_10_n02051845_697.png
specialised,1,947,,car,bird,150,0947_ps_dnn_150_bird_10_n01795545_16068.png
specialised,1,948,,knife,bird,150,0948_ps_dnn_150_bird_10_n01843065_11784.png
specialised,1,949,,bird,bird,150,0949_ps_dnn_150_bird_10_n02002724_4067.png
specialised,1,950,,bicycle,bird,150,0950_ps_dnn_150_bird_10_n02017213_796.png
specialised,1,951,,bear,dog,150,0951_ps_dnn_150_dog_10_n02085936_1950.png
specialised,1,952,,elephant,dog,150,0952_ps_dnn_150_dog_10_n02111277_29147.png
specialised,1,953,,bicycle,dog,150,0953_ps_dnn_150_dog_10_n02087046_3755.png
specialised,1,954,,cat,dog,150,0954_ps_dnn_150_dog_10_n02100877_8900.png
specialised,1,955,,chair,dog,150,0955_ps_dnn_150_dog_10_n02093754_1721.png
specialised,1,956,,bicycle,dog,150,0956_ps_dnn_150_dog_10_n02102480_7313.png
specialised,1,957,,bird,dog,150,0957_ps_dnn_150_dog_10_n02108915_6961.png
specialised,1,958,,bicycle,dog,150,0958_ps_dnn_150_dog_10_n02087394_35004.png
specialised,1,959,,bicycle,dog,150,0959_ps_dnn_150_dog_10_n02111500_9109.png
specialised,1,960,,bird,dog,150,0960_ps_dnn_150_dog_10_n02090379_6882.png
specialised,1,961,,knife,knife,180,0961_ps_dnn_180_knife_10_n03041632_17067.png
specialised,1,962,,bicycle,knife,180,0962_ps_dnn_180_knife_10_n03041632_33225.png
specialised,1,963,,elephant,knife,180,0963_ps_dnn_180_knife_10_n03041632_45326.png
specialised,1,964,,cat,knife,180,0964_ps_dnn_180_knife_10_n03041632_86118.png
specialised,1,965,,car,knife,180,0965_ps_dnn_180_knife_10_n03041632_48149.png
specialised,1,966,,car,knife,180,0966_ps_dnn_180_knife_10_n03041632_36834.png
specialised,1,967,,bicycle,knife,180,0967_ps_dnn_180_knife_10_n03041632_6708.png
specialised,1,968,,bottle,knife,180,0968_ps_dnn_180_knife_10_n03041632_54191.png
specialised,1,969,,knife,knife,180,0969_ps_dnn_180_knife_10_n03041632_33584.png
specialised,1,970,,bicycle,knife,180,0970_ps_dnn_180_knife_10_n03041632_27134.png
specialised,1,971,,keyboard,keyboard,180,0971_ps_dnn_180_keyboard_10_n03085013_11682.png
specialised,1,972,,bicycle,keyboard,180,0972_ps_dnn_180_keyboard_10_n03085013_18903.png
specialised,1,973,,keyboard,keyboard,180,0973_ps_dnn_180_keyboard_10_n03085013_4856.png
specialised,1,974,,keyboard,keyboard,180,0974_ps_dnn_180_keyboard_10_n03085013_3231.png
specialised,1,975,,keyboard,keyboard,180,0975_ps_dnn_180_keyboard_10_n03085013_22254.png
specialised,1,976,,truck,keyboard,180,0976_ps_dnn_180_keyboard_10_n03085013_8932.png
specialised,1,977,,elephant,keyboard,180,0977_ps_dnn_180_keyboard_10_n03085013_3595.png
specialised,1,978,,elephant,keyboard,180,0978_ps_dnn_180_keyboard_10_n03085013_23662.png
specialised,1,979,,oven,keyboard,180,0979_ps_dnn_180_keyboard_10_n03085013_21932.png
specialised,1,980,,keyboard,keyboard,180,0980_ps_dnn_180_keyboard_10_n03085013_22417.png
specialised,1,981,,elephant,elephant,180,0981_ps_dnn_180_elephant_10_n02504458_3140.png
specialised,1,982,,elephant,elephant,180,0982_ps_dnn_180_elephant_10_n02504458_11596.png
specialised,1,983,,elephant,elephant,180,0983_ps_dnn_180_elephant_10_n02504458_6171.png
specialised,1,984,,elephant,elephant,180,0984_ps_dnn_180_elephant_10_n02504013_2549.png
specialised,1,985,,bicycle,elephant,180,0985_ps_dnn_180_elephant_10_n02504458_11324.png
specialised,1,986,,elephant,elephant,180,0986_ps_dnn_180_elephant_10_n02504458_6664.png
specialised,1,987,,elephant,elephant,180,0987_ps_dnn_180_elephant_10_n02504013_4005.png
specialised,1,988,,elephant,elephant,180,0988_ps_dnn_180_elephant_10_n02504013_3892.png
specialised,1,989,,car,elephant,180,0989_ps_dnn_180_elephant_10_n02504013_1708.png
specialised,1,990,,elephant,elephant,180,0990_ps_dnn_180_elephant_10_n02504458_6618.png
specialised,1,991,,bicycle,bicycle,180,0991_ps_dnn_180_bicycle_10_n03792782_35912.png
specialised,1,992,,boat,bicycle,180,0992_ps_dnn_180_bicycle_10_n02835271_8529.png
specialised,1,993,,bicycle,bicycle,180,0993_ps_dnn_180_bicycle_10_n03792782_7650.png
specialised,1,994,,bicycle,bicycle,180,0994_ps_dnn_180_bicycle_10_n03792782_12470.png
specialised,1,995,,bicycle,bicycle,180,0995_ps_dnn_180_bicycle_10_n03792782_6731.png
specialised,1,996,,bicycle,bicycle,180,0996_ps_dnn_180_bicycle_10_n03792782_17503.png
specialised,1,997,,bicycle,bicycle,180,0997_ps_dnn_180_bicycle_10_n03792782_19253.png
specialised,1,998,,bicycle,bicycle,180,0998_ps_dnn_180_bicycle_10_n02835271_13209.png
specialised,1,999,,elephant,bicycle,180,0999_ps_dnn_180_bicycle_10_n03792782_6616.png
specialised,1,1000,,bicycle,bicycle,180,1000_ps_dnn_180_bicycle_10_n03792782_13438.png
specialised,1,1001,,airplane,airplane,180,1001_ps_dnn_180_airplane_10_n02690373_1310.png
specialised,1,1002,,airplane,airplane,180,1002_ps_dnn_180_airplane_10_n02690373_7971.png
specialised,1,1003,,airplane,airplane,180,1003_ps_dnn_180_airplane_10_n02690373_10399.png
specialised,1,1004,,airplane,airplane,180,1004_ps_dnn_180_airplane_10_n02690373_7651.png
specialised,1,1005,,airplane,airplane,180,1005_ps_dnn_180_airplane_10_n02690373_1277.png
specialised,1,1006,,elephant,airplane,180,1006_ps_dnn_180_airplane_10_n02690373_20331.png
specialised,1,1007,,bird,airplane,180,1007_ps_dnn_180_airplane_10_n02690373_5632.png
specialised,1,1008,,airplane,airplane,180,1008_ps_dnn_180_airplane_10_n02690373_3334.png
specialised,1,1009,,airplane,airplane,180,1009_ps_dnn_180_airplane_10_n02690373_6807.png
specialised,1,1010,,airplane,airplane,180,1010_ps_dnn_180_airplane_10_n02690373_6342.png
specialised,1,1011,,clock,clock,180,1011_ps_dnn_180_clock_10_n03196217_5610.png
specialised,1,1012,,bicycle,clock,180,1012_ps_dnn_180_clock_10_n02708093_41.png
specialised,1,1013,,elephant,clock,180,1013_ps_dnn_180_clock_10_n04548280_702.png
specialised,1,1014,,cat,clock,180,1014_ps_dnn_180_clock_10_n04548280_13982.png
specialised,1,1015,,truck,clock,180,1015_ps_dnn_180_clock_10_n02708093_4783.png
specialised,1,1016,,keyboard,clock,180,1016_ps_dnn_180_clock_10_n03196217_658.png
specialised,1,1017,,chair,clock,180,1017_ps_dnn_180_clock_10_n03196217_10717.png
specialised,1,1018,,bicycle,clock,180,1018_ps_dnn_180_clock_10_n04548280_11806.png
specialised,1,1019,,dog,clock,180,1019_ps_dnn_180_clock_10_n04548280_1109.png
specialised,1,1020,,airplane,clock,180,1020_ps_dnn_180_clock_10_n03196217_5414.png
specialised,1,1021,,truck,oven,180,1021_ps_dnn_180_oven_10_n04111531_6485.png
specialised,1,1022,,elephant,oven,180,1022_ps_dnn_180_oven_10_n04111531_3270.png
specialised,1,1023,,keyboard,oven,180,1023_ps_dnn_180_oven_10_n04111531_5015.png
specialised,1,1024,,dog,oven,180,1024_ps_dnn_180_oven_10_n04111531_7821.png
specialised,1,1025,,oven,oven,180,1025_ps_dnn_180_oven_10_n04111531_6628.png
specialised,1,1026,,bottle,oven,180,1026_ps_dnn_180_oven_10_n04111531_11709.png
specialised,1,1027,,bicycle,oven,180,1027_ps_dnn_180_oven_10_n04111531_12589.png
specialised,1,1028,,bear,oven,180,1028_ps_dnn_180_oven_10_n04111531_8462.png
specialised,1,1029,,oven,oven,180,1029_ps_dnn_180_oven_10_n04111531_13486.png
specialised,1,1030,,car,oven,180,1030_ps_dnn_180_oven_10_n04111531_6024.png
specialised,1,1031,,truck,chair,180,1031_ps_dnn_180_chair_10_n02791124_3697.png
specialised,1,1032,,chair,chair,180,1032_ps_dnn_180_chair_10_n02791124_1682.png
specialised,1,1033,,chair,chair,180,1033_ps_dnn_180_chair_10_n03376595_2734.png
specialised,1,1034,,chair,chair,180,1034_ps_dnn_180_chair_10_n04099969_1890.png
specialised,1,1035,,bird,chair,180,1035_ps_dnn_180_chair_10_n02791124_6654.png
specialised,1,1036,,boat,chair,180,1036_ps_dnn_180_chair_10_n04099969_2307.png
specialised,1,1037,,chair,chair,180,1037_ps_dnn_180_chair_10_n03376595_4611.png
specialised,1,1038,,car,chair,180,1038_ps_dnn_180_chair_10_n04099969_7910.png
specialised,1,1039,,cat,chair,180,1039_ps_dnn_180_chair_10_n04429376_49717.png
specialised,1,1040,,bear,chair,180,1040_ps_dnn_180_chair_10_n03376595_13982.png
specialised,1,1041,,bird,bear,180,1041_ps_dnn_180_bear_10_n02132136_3563.png
specialised,1,1042,,bear,bear,180,1042_ps_dnn_180_bear_10_n02134084_3098.png
specialised,1,1043,,bear,bear,180,1043_ps_dnn_180_bear_10_n02132136_8011.png
specialised,1,1044,,elephant,bear,180,1044_ps_dnn_180_bear_10_n02132136_24852.png
specialised,1,1045,,bicycle,bear,180,1045_ps_dnn_180_bear_10_n02132136_8260.png
specialised,1,1046,,bird,bear,180,1046_ps_dnn_180_bear_10_n02132136_15450.png
specialised,1,1047,,bear,bear,180,1047_ps_dnn_180_bear_10_n02133161_3580.png
specialised,1,1048,,bicycle,bear,180,1048_ps_dnn_180_bear_10_n02134418_4185.png
specialised,1,1049,,bear,bear,180,1049_ps_dnn_180_bear_10_n02134418_12172.png
specialised,1,1050,,elephant,bear,180,1050_ps_dnn_180_bear_10_n02134418_1253.png
specialised,1,1051,,boat,boat,180,1051_ps_dnn_180_boat_10_n03344393_6352.png
specialised,1,1052,,boat,boat,180,1052_ps_dnn_180_boat_10_n03662601_15505.png
specialised,1,1053,,airplane,boat,180,1053_ps_dnn_180_boat_10_n04273569_28270.png
specialised,1,1054,,truck,boat,180,1054_ps_dnn_180_boat_10_n04612504_4378.png
specialised,1,1055,,boat,boat,180,1055_ps_dnn_180_boat_10_n02951358_9014.png
specialised,1,1056,,bicycle,boat,180,1056_ps_dnn_180_boat_10_n02951358_3898.png
specialised,1,1057,,boat,boat,180,1057_ps_dnn_180_boat_10_n03662601_22384.png
specialised,1,1058,,boat,boat,180,1058_ps_dnn_180_boat_10_n02951358_11924.png
specialised,1,1059,,bear,boat,180,1059_ps_dnn_180_boat_10_n02951358_12432.png
specialised,1,1060,,boat,boat,180,1060_ps_dnn_180_boat_10_n03662601_32251.png
specialised,1,1061,,oven,cat,180,1061_ps_dnn_180_cat_10_n02123045_9737.png
specialised,1,1062,,dog,cat,180,1062_ps_dnn_180_cat_10_n02123597_8663.png
specialised,1,1063,,cat,cat,180,1063_ps_dnn_180_cat_10_n02125311_32606.png
specialised,1,1064,,chair,cat,180,1064_ps_dnn_180_cat_10_n02123159_5627.png
specialised,1,1065,,cat,cat,180,1065_ps_dnn_180_cat_10_n02123045_2009.png
specialised,1,1066,,cat,cat,180,1066_ps_dnn_180_cat_10_n02123394_4426.png
specialised,1,1067,,chair,cat,180,1067_ps_dnn_180_cat_10_n02124075_11982.png
specialised,1,1068,,cat,cat,180,1068_ps_dnn_180_cat_10_n02124075_14929.png
specialised,1,1069,,elephant,cat,180,1069_ps_dnn_180_cat_10_n02123394_6349.png
specialised,1,1070,,dog,cat,180,1070_ps_dnn_180_cat_10_n02123394_652.png
specialised,1,1071,,bicycle,bottle,180,1071_ps_dnn_180_bottle_10_n03983396_8101.png
specialised,1,1072,,truck,bottle,180,1072_ps_dnn_180_bottle_10_n03983396_845.png
specialised,1,1073,,bottle,bottle,180,1073_ps_dnn_180_bottle_10_n04591713_13283.png
specialised,1,1074,,dog,bottle,180,1074_ps_dnn_180_bottle_10_n04560804_2341.png
specialised,1,1075,,bottle,bottle,180,1075_ps_dnn_180_bottle_10_n04560804_2657.png
specialised,1,1076,,chair,bottle,180,1076_ps_dnn_180_bottle_10_n03983396_16828.png
specialised,1,1077,,bicycle,bottle,180,1077_ps_dnn_180_bottle_10_n04591713_425.png
specialised,1,1078,,truck,bottle,180,1078_ps_dnn_180_bottle_10_n02823428_12424.png
specialised,1,1079,,clock,bottle,180,1079_ps_dnn_180_bottle_10_n03937543_1948.png
specialised,1,1080,,elephant,bottle,180,1080_ps_dnn_180_bottle_10_n02823428_11624.png
specialised,1,1081,,truck,truck,180,1081_ps_dnn_180_truck_10_n03417042_4600.png
specialised,1,1082,,truck,truck,180,1082_ps_dnn_180_truck_10_n03417042_14261.png
specialised,1,1083,,truck,truck,180,1083_ps_dnn_180_truck_10_n03796401_3191.png
specialised,1,1084,,truck,truck,180,1084_ps_dnn_180_truck_10_n04467665_58158.png
specialised,1,1085,,airplane,truck,180,1085_ps_dnn_180_truck_10_n03796401_9168.png
specialised,1,1086,,truck,truck,180,1086_ps_dnn_180_truck_10_n04467665_2890.png
specialised,1,1087,,car,truck,180,1087_ps_dnn_180_truck_10_n03796401_99.png
specialised,1,1088,,boat,truck,180,1088_ps_dnn_180_truck_10_n03417042_28122.png
specialised,1,1089,,bicycle,truck,180,1089_ps_dnn_180_truck_10_n03417042_7472.png
specialised,1,1090,,elephant,truck,180,1090_ps_dnn_180_truck_10_n03796401_5035.png
specialised,1,1091,,car,car,180,1091_ps_dnn_180_car_10_n04285008_4059.png
specialised,1,1092,,car,car,180,1092_ps_dnn_180_car_10_n04285008_8761.png
specialised,1,1093,,car,car,180,1093_ps_dnn_180_car_10_n04285008_7208.png
specialised,1,1094,,car,car,180,1094_ps_dnn_180_car_10_n03100240_23363.png
specialised,1,1095,,truck,car,180,1095_ps_dnn_180_car_10_n03100240_379.png
specialised,1,1096,,car,car,180,1096_ps_dnn_180_car_10_n04285008_5528.png
specialised,1,1097,,car,car,180,1097_ps_dnn_180_car_10_n02814533_71181.png
specialised,1,1098,,truck,car,180,1098_ps_dnn_180_car_10_n04285008_9317.png
specialised,1,1099,,car,car,180,1099_ps_dnn_180_car_10_n02814533_22824.png
specialised,1,1100,,car,car,180,1100_ps_dnn_180_car_10_n02814533_43040.png
specialised,1,1101,,boat,bird,180,1101_ps_dnn_180_bird_10_n01855672_8698.png
specialised,1,1102,,cat,bird,180,1102_ps_dnn_180_bird_10_n01818515_4949.png
specialised,1,1103,,bicycle,bird,180,1103_ps_dnn_180_bird_10_n02009229_4397.png
specialised,1,1104,,chair,bird,180,1104_ps_dnn_180_bird_10_n02002556_171.png
specialised,1,1105,,boat,bird,180,1105_ps_dnn_180_bird_10_n02002724_4516.png
specialised,1,1106,,chair,bird,180,1106_ps_dnn_180_bird_10_n01817953_13483.png
specialised,1,1107,,elephant,bird,180,1107_ps_dnn_180_bird_10_n02037110_27125.png
specialised,1,1108,,dog,bird,180,1108_ps_dnn_180_bird_10_n01843383_3604.png
specialised,1,1109,,bear,bird,180,1109_ps_dnn_180_bird_10_n01860187_1736.png
specialised,1,1110,,bird,bird,180,1110_ps_dnn_180_bird_10_n01537544_23464.png
specialised,1,1111,,dog,dog,180,1111_ps_dnn_180_dog_10_n02107574_1968.png
specialised,1,1112,,dog,dog,180,1112_ps_dnn_180_dog_10_n02100735_3019.png
specialised,1,1113,,dog,dog,180,1113_ps_dnn_180_dog_10_n02108915_8818.png
specialised,1,1114,,cat,dog,180,1114_ps_dnn_180_dog_10_n02097658_430.png
specialised,1,1115,,elephant,dog,180,1115_ps_dnn_180_dog_10_n02092002_92.png
specialised,1,1116,,elephant,dog,180,1116_ps_dnn_180_dog_10_n02090721_4797.png
specialised,1,1117,,bird,dog,180,1117_ps_dnn_180_dog_10_n02086646_7642.png
specialised,1,1118,,dog,dog,180,1118_ps_dnn_180_dog_10_n02100735_3037.png
specialised,1,1119,,dog,dog,180,1119_ps_dnn_180_dog_10_n02106550_12039.png
specialised,1,1120,,elephant,dog,180,1120_ps_dnn_180_dog_10_n02088466_2420.png
